Q,I,K,lambda,C,#1num_cols,#1accuracy,#1precision,#1recall,#1f-score,#1time,#2num_cols,#2accuracy,#2precision,#2recall,#2f-score,#2time,#3num_cols,#3accuracy,#3precision,#3recall,#3f-score,#3time
100,10,3,0.00000,0.97000,27,0.87705,0.90000,0.73256,0.80769,5.26692s,23,0.85430,0.84615,0.67347,0.75000,4.30340s,22,1.00000,1.00000,1.00000,1.00000,1.48087s
100,10,3,0.00000,0.98000,28,0.87705,0.90000,0.73256,0.80769,5.36276s,28,0.86755,0.85366,0.71429,0.77778,4.36834s,22,1.00000,1.00000,1.00000,1.00000,1.45772s
100,10,3,0.00000,0.99000,30,0.87705,0.90000,0.73256,0.80769,5.37336s,31,0.86755,0.85366,0.71429,0.77778,4.38826s,22,1.00000,1.00000,1.00000,1.00000,1.45203s
100,10,3,0.20000,0.97000,15,0.83607,0.85938,0.63953,0.73333,4.34579s,13,0.83444,0.90000,0.55102,0.68354,2.93457s,17,0.94737,1.00000,0.83333,0.90909,1.40112s
100,10,3,0.20000,0.98000,23,0.86885,0.88571,0.72093,0.79487,5.22157s,17,0.84768,0.84211,0.65306,0.73563,4.25641s,18,0.94737,1.00000,0.83333,0.90909,1.39104s
100,10,3,0.20000,0.99000,25,0.87705,0.88889,0.74419,0.81013,5.45082s,17,0.86093,0.85000,0.69388,0.76404,4.31995s,22,1.00000,1.00000,1.00000,1.00000,1.38510s
100,10,3,0.50000,0.97000,15,0.84426,0.86364,0.66279,0.75000,3.09177s,9,0.78146,0.69048,0.59184,0.63736,2.05780s,19,0.94737,1.00000,0.83333,0.90909,1.39129s
100,10,3,0.50000,0.98000,17,0.84426,0.85294,0.67442,0.75325,5.07607s,12,0.85430,0.86486,0.65306,0.74419,2.82058s,18,0.94737,1.00000,0.83333,0.90909,1.39416s
100,10,3,0.50000,0.99000,17,0.83607,0.80263,0.70930,0.75309,5.32632s,19,0.84106,0.82051,0.65306,0.72727,4.24853s,16,0.94737,1.00000,0.83333,0.90909,1.40325s
100,10,6,0.00000,0.97000,29,0.87705,0.91176,0.72093,0.80519,10.90948s,23,0.86093,0.85000,0.69388,0.76404,9.16514s,22,1.00000,1.00000,1.00000,1.00000,4.01321s
100,10,6,0.00000,0.98000,30,0.87705,0.91176,0.72093,0.80519,10.98277s,26,0.86093,0.85000,0.69388,0.76404,9.19309s,22,1.00000,1.00000,1.00000,1.00000,3.94317s
100,10,6,0.00000,0.99000,30,0.87705,0.91176,0.72093,0.80519,11.09778s,29,0.86755,0.85366,0.71429,0.77778,9.27248s,22,1.00000,1.00000,1.00000,1.00000,3.97819s
100,10,6,0.20000,0.97000,15,0.83607,0.85938,0.63953,0.73333,9.96272s,13,0.83444,0.90000,0.55102,0.68354,7.76393s,19,0.94737,1.00000,0.83333,0.90909,3.80986s
100,10,6,0.20000,0.98000,22,0.85246,0.86765,0.68605,0.76623,11.09730s,17,0.84768,0.84211,0.65306,0.73563,9.13257s,19,0.94737,1.00000,0.83333,0.90909,3.94999s
100,10,6,0.20000,0.99000,25,0.87705,0.88889,0.74419,0.81013,10.98506s,17,0.86093,0.85000,0.69388,0.76404,9.03909s,22,1.00000,1.00000,1.00000,1.00000,3.82092s
100,10,6,0.50000,0.97000,15,0.84426,0.86364,0.66279,0.75000,8.55727s,9,0.78146,0.69048,0.59184,0.63736,6.85981s,18,0.94737,1.00000,0.83333,0.90909,3.86622s
100,10,6,0.50000,0.98000,18,0.84016,0.82192,0.69767,0.75472,10.66419s,12,0.85430,0.86486,0.65306,0.74419,7.59186s,18,0.94737,1.00000,0.83333,0.90909,3.89463s
100,10,6,0.50000,0.99000,17,0.83607,0.80263,0.70930,0.75309,10.86974s,19,0.84106,0.82051,0.65306,0.72727,9.09676s,16,0.94737,1.00000,0.83333,0.90909,3.90904s
100,10,9,0.00000,0.97000,28,0.87705,0.90000,0.73256,0.80769,20.65174s,23,0.86093,0.85000,0.69388,0.76404,17.56060s,22,1.00000,1.00000,1.00000,1.00000,8.39203s
100,10,9,0.00000,0.98000,29,0.87705,0.91176,0.72093,0.80519,20.67816s,26,0.86093,0.85000,0.69388,0.76404,17.45519s,22,1.00000,1.00000,1.00000,1.00000,8.37353s
100,10,9,0.00000,0.99000,29,0.87705,0.91176,0.72093,0.80519,20.72801s,29,0.86755,0.85366,0.71429,0.77778,17.50287s,23,1.00000,1.00000,1.00000,1.00000,8.38801s
100,10,9,0.20000,0.97000,15,0.83607,0.85938,0.63953,0.73333,19.73928s,13,0.83444,0.90000,0.55102,0.68354,16.21882s,19,0.94737,1.00000,0.83333,0.90909,8.32543s
100,10,9,0.20000,0.98000,22,0.85246,0.86765,0.68605,0.76623,20.14972s,17,0.84768,0.84211,0.65306,0.73563,17.37124s,19,0.94737,1.00000,0.83333,0.90909,8.32911s
100,10,9,0.20000,0.99000,25,0.87705,0.88889,0.74419,0.81013,20.55648s,17,0.86093,0.85000,0.69388,0.76404,17.41975s,22,1.00000,1.00000,1.00000,1.00000,8.24308s
100,10,9,0.50000,0.97000,15,0.84426,0.86364,0.66279,0.75000,18.43376s,9,0.78146,0.69048,0.59184,0.63736,15.36811s,18,0.94737,1.00000,0.83333,0.90909,8.32165s
100,10,9,0.50000,0.98000,18,0.84016,0.82192,0.69767,0.75472,20.44072s,12,0.85430,0.86486,0.65306,0.74419,16.02604s,18,0.94737,1.00000,0.83333,0.90909,8.22578s
100,10,9,0.50000,0.99000,17,0.83607,0.80263,0.70930,0.75309,20.16783s,19,0.84106,0.82051,0.65306,0.72727,17.11286s,16,0.94737,1.00000,0.83333,0.90909,7.79452s
100,10,12,0.00000,0.97000,29,0.87705,0.91176,0.72093,0.80519,34.44682s,23,0.86093,0.85000,0.69388,0.76404,29.47306s,22,1.00000,1.00000,1.00000,1.00000,14.62913s
100,10,12,0.00000,0.98000,29,0.87705,0.90000,0.73256,0.80769,34.43089s,26,0.86093,0.85000,0.69388,0.76404,29.24042s,22,1.00000,1.00000,1.00000,1.00000,14.53705s
100,10,12,0.00000,0.99000,30,0.87705,0.91176,0.72093,0.80519,34.91059s,29,0.86755,0.85366,0.71429,0.77778,29.74860s,22,1.00000,1.00000,1.00000,1.00000,14.77474s
100,10,12,0.20000,0.97000,15,0.83607,0.85938,0.63953,0.73333,33.43885s,13,0.83444,0.90000,0.55102,0.68354,28.17482s,19,0.94737,1.00000,0.83333,0.90909,14.39636s
100,10,12,0.20000,0.98000,22,0.85246,0.86765,0.68605,0.76623,34.34642s,17,0.84768,0.84211,0.65306,0.73563,29.33064s,19,0.94737,1.00000,0.83333,0.90909,14.59210s
100,10,12,0.20000,0.99000,25,0.87705,0.88889,0.74419,0.81013,34.39761s,17,0.86093,0.85000,0.69388,0.76404,29.45146s,22,1.00000,1.00000,1.00000,1.00000,14.46199s
100,10,12,0.50000,0.97000,15,0.84426,0.86364,0.66279,0.75000,32.32828s,9,0.78146,0.69048,0.59184,0.63736,27.33438s,18,0.94737,1.00000,0.83333,0.90909,14.55542s
100,10,12,0.50000,0.98000,18,0.84016,0.82192,0.69767,0.75472,34.59451s,12,0.85430,0.86486,0.65306,0.74419,28.24182s,18,0.94737,1.00000,0.83333,0.90909,14.64699s
100,10,12,0.50000,0.99000,17,0.83607,0.80263,0.70930,0.75309,34.42916s,19,0.84106,0.82051,0.65306,0.72727,29.43784s,17,0.94737,1.00000,0.83333,0.90909,14.47981s
100,10,15,0.00000,0.97000,28,0.87705,0.91176,0.72093,0.80519,52.06237s,23,0.86093,0.85000,0.69388,0.76404,44.38112s,22,1.00000,1.00000,1.00000,1.00000,22.33248s
100,10,15,0.00000,0.98000,29,0.87705,0.91176,0.72093,0.80519,53.10042s,26,0.86093,0.85000,0.69388,0.76404,44.98500s,22,1.00000,1.00000,1.00000,1.00000,22.90850s
100,10,15,0.00000,0.99000,29,0.87705,0.91176,0.72093,0.80519,52.43474s,29,0.86755,0.85366,0.71429,0.77778,44.55242s,22,1.00000,1.00000,1.00000,1.00000,22.36880s
100,10,15,0.20000,0.97000,15,0.83607,0.85938,0.63953,0.73333,51.46238s,13,0.83444,0.90000,0.55102,0.68354,43.50197s,19,0.94737,1.00000,0.83333,0.90909,22.64934s
100,10,15,0.20000,0.98000,22,0.85246,0.86765,0.68605,0.76623,52.45465s,17,0.84768,0.84211,0.65306,0.73563,45.11893s,19,0.94737,1.00000,0.83333,0.90909,22.92479s
100,10,15,0.20000,0.99000,25,0.87705,0.88889,0.74419,0.81013,52.51025s,17,0.86093,0.85000,0.69388,0.76404,44.77079s,22,1.00000,1.00000,1.00000,1.00000,22.48768s
100,10,15,0.50000,0.97000,15,0.84426,0.86364,0.66279,0.75000,49.78230s,9,0.78146,0.69048,0.59184,0.63736,42.28713s,18,0.94737,1.00000,0.83333,0.90909,22.30417s
100,10,15,0.50000,0.98000,18,0.84016,0.82192,0.69767,0.75472,51.31948s,12,0.85430,0.86486,0.65306,0.74419,43.29286s,18,0.94737,1.00000,0.83333,0.90909,22.53704s
100,10,15,0.50000,0.99000,17,0.83607,0.80263,0.70930,0.75309,52.69104s,19,0.84106,0.82051,0.65306,0.72727,45.10864s,16,0.94737,1.00000,0.83333,0.90909,22.84679s
100,10,18,0.00000,0.97000,28,0.87705,0.90000,0.73256,0.80769,74.67132s,23,0.86093,0.85000,0.69388,0.76404,63.83480s,22,1.00000,1.00000,1.00000,1.00000,32.69003s
100,10,18,0.00000,0.98000,29,0.87705,0.90000,0.73256,0.80769,75.37854s,26,0.86093,0.85000,0.69388,0.76404,64.53984s,22,1.00000,1.00000,1.00000,1.00000,33.24197s
100,10,18,0.00000,0.99000,30,0.87705,0.91176,0.72093,0.80519,74.62022s,29,0.86755,0.85366,0.71429,0.77778,64.15672s,22,1.00000,1.00000,1.00000,1.00000,32.65481s
100,10,18,0.20000,0.97000,15,0.83607,0.85938,0.63953,0.73333,73.96414s,13,0.83444,0.90000,0.55102,0.68354,63.05604s,19,0.94737,1.00000,0.83333,0.90909,32.13857s
100,10,18,0.20000,0.98000,22,0.85246,0.86765,0.68605,0.76623,75.29230s,17,0.84768,0.84211,0.65306,0.73563,64.26705s,19,0.94737,1.00000,0.83333,0.90909,32.74937s
100,10,18,0.20000,0.99000,25,0.87705,0.88889,0.74419,0.81013,75.80749s,17,0.86093,0.85000,0.69388,0.76404,64.30652s,22,1.00000,1.00000,1.00000,1.00000,32.61424s
100,10,18,0.50000,0.97000,15,0.84426,0.86364,0.66279,0.75000,72.85886s,9,0.78146,0.69048,0.59184,0.63736,61.91493s,18,0.94737,1.00000,0.83333,0.90909,32.29544s
100,10,18,0.50000,0.98000,18,0.84016,0.82192,0.69767,0.75472,75.31212s,12,0.85430,0.86486,0.65306,0.74419,63.18342s,18,0.94737,1.00000,0.83333,0.90909,32.80440s
100,10,18,0.50000,0.99000,17,0.83607,0.80263,0.70930,0.75309,74.98710s,19,0.84106,0.82051,0.65306,0.72727,64.03142s,17,0.94737,1.00000,0.83333,0.90909,32.43302s
100,15,3,0.00000,0.97000,27,0.87705,0.90000,0.73256,0.80769,8.11866s,23,0.85430,0.84615,0.67347,0.75000,6.54834s,22,1.00000,1.00000,1.00000,1.00000,2.27824s
100,15,3,0.00000,0.98000,28,0.87705,0.90000,0.73256,0.80769,8.50285s,28,0.86755,0.85366,0.71429,0.77778,6.77938s,22,1.00000,1.00000,1.00000,1.00000,2.27012s
100,15,3,0.00000,0.99000,30,0.87705,0.90000,0.73256,0.80769,8.17379s,31,0.86755,0.85366,0.71429,0.77778,6.79370s,22,1.00000,1.00000,1.00000,1.00000,2.23887s
100,15,3,0.20000,0.97000,15,0.83607,0.85938,0.63953,0.73333,6.90633s,13,0.83444,0.90000,0.55102,0.68354,5.15469s,17,0.94737,1.00000,0.83333,0.90909,2.15465s
100,15,3,0.20000,0.98000,23,0.86885,0.88571,0.72093,0.79487,8.23798s,17,0.84768,0.84211,0.65306,0.73563,6.71061s,18,0.94737,1.00000,0.83333,0.90909,2.15425s
100,15,3,0.20000,0.99000,25,0.87705,0.88889,0.74419,0.81013,8.31610s,17,0.86093,0.85000,0.69388,0.76404,6.88582s,22,1.00000,1.00000,1.00000,1.00000,2.22087s
100,15,3,0.50000,0.97000,15,0.84426,0.86364,0.66279,0.75000,4.79399s,9,0.78146,0.69048,0.59184,0.63736,3.17209s,19,0.94737,1.00000,0.83333,0.90909,2.12193s
100,15,3,0.50000,0.98000,17,0.84426,0.85294,0.67442,0.75325,8.09128s,12,0.85430,0.86486,0.65306,0.74419,4.47396s,18,0.94737,1.00000,0.83333,0.90909,2.14803s
100,15,3,0.50000,0.99000,17,0.83607,0.80263,0.70930,0.75309,8.15216s,19,0.84106,0.82051,0.65306,0.72727,6.70408s,16,0.94737,1.00000,0.83333,0.90909,2.16197s
100,15,6,0.00000,0.97000,29,0.87705,0.91176,0.72093,0.80519,16.84755s,23,0.86093,0.85000,0.69388,0.76404,14.10808s,22,1.00000,1.00000,1.00000,1.00000,6.13215s
100,15,6,0.00000,0.98000,30,0.87705,0.91176,0.72093,0.80519,16.87216s,26,0.86093,0.85000,0.69388,0.76404,14.15727s,22,1.00000,1.00000,1.00000,1.00000,6.09783s
100,15,6,0.00000,0.99000,30,0.87705,0.91176,0.72093,0.80519,16.99138s,29,0.86755,0.85366,0.71429,0.77778,14.31858s,23,1.00000,1.00000,1.00000,1.00000,6.15988s
100,15,6,0.20000,0.97000,15,0.83607,0.85938,0.63953,0.73333,15.73536s,13,0.83444,0.90000,0.55102,0.68354,12.04315s,19,0.94737,1.00000,0.83333,0.90909,6.07781s
100,15,6,0.20000,0.98000,22,0.85246,0.86765,0.68605,0.76623,16.77152s,17,0.84768,0.84211,0.65306,0.73563,14.06881s,19,0.94737,1.00000,0.83333,0.90909,5.98225s
100,15,6,0.20000,0.99000,25,0.87705,0.88889,0.74419,0.81013,16.94117s,17,0.86093,0.85000,0.69388,0.76404,14.18137s,22,1.00000,1.00000,1.00000,1.00000,6.14685s
100,15,6,0.50000,0.97000,15,0.84426,0.86364,0.66279,0.75000,13.25286s,9,0.78146,0.69048,0.59184,0.63736,10.71816s,18,0.94737,1.00000,0.83333,0.90909,6.05853s
100,15,6,0.50000,0.98000,18,0.84016,0.82192,0.69767,0.75472,16.76711s,12,0.85430,0.86486,0.65306,0.74419,12.02397s,18,0.94737,1.00000,0.83333,0.90909,6.13935s
100,15,6,0.50000,0.99000,17,0.83607,0.80263,0.70930,0.75309,16.78225s,19,0.84106,0.82051,0.65306,0.72727,14.19052s,16,0.94737,1.00000,0.83333,0.90909,6.12690s
100,15,9,0.00000,0.97000,28,0.87705,0.90000,0.73256,0.80769,32.13636s,23,0.86093,0.85000,0.69388,0.76404,27.39315s,22,1.00000,1.00000,1.00000,1.00000,12.96852s
100,15,9,0.00000,0.98000,29,0.87705,0.91176,0.72093,0.80519,32.31079s,26,0.86093,0.85000,0.69388,0.76404,27.24643s,22,1.00000,1.00000,1.00000,1.00000,12.90697s
100,15,9,0.00000,0.99000,29,0.87705,0.91176,0.72093,0.80519,32.23087s,29,0.86755,0.85366,0.71429,0.77778,27.20458s,22,1.00000,1.00000,1.00000,1.00000,12.95003s
100,15,9,0.20000,0.97000,15,0.83607,0.85938,0.63953,0.73333,30.56255s,13,0.83444,0.90000,0.55102,0.68354,24.96761s,19,0.94737,1.00000,0.83333,0.90909,12.71009s
100,15,9,0.20000,0.98000,22,0.85246,0.86765,0.68605,0.76623,31.90911s,17,0.84768,0.84211,0.65306,0.73563,27.25639s,19,0.94737,1.00000,0.83333,0.90909,12.70782s
100,15,9,0.20000,0.99000,25,0.87705,0.88889,0.74419,0.81013,31.92175s,17,0.86093,0.85000,0.69388,0.76404,27.04259s,22,1.00000,1.00000,1.00000,1.00000,12.90154s
100,15,9,0.50000,0.97000,15,0.84426,0.86364,0.66279,0.75000,28.76634s,9,0.78146,0.69048,0.59184,0.63736,23.95921s,18,0.94737,1.00000,0.83333,0.90909,13.10453s
100,15,9,0.50000,0.98000,18,0.84016,0.82192,0.69767,0.75472,31.78518s,12,0.85430,0.86486,0.65306,0.74419,25.02531s,18,0.94737,1.00000,0.83333,0.90909,12.89663s
100,15,9,0.50000,0.99000,17,0.83607,0.80263,0.70930,0.75309,32.19558s,19,0.84106,0.82051,0.65306,0.72727,27.34033s,16,0.94737,1.00000,0.83333,0.90909,12.93646s
100,15,12,0.00000,0.97000,29,0.87705,0.91176,0.72093,0.80519,53.30584s,23,0.86093,0.85000,0.69388,0.76404,45.75259s,22,1.00000,1.00000,1.00000,1.00000,22.56674s
100,15,12,0.00000,0.98000,29,0.87705,0.90000,0.73256,0.80769,53.83397s,26,0.86093,0.85000,0.69388,0.76404,46.11880s,22,1.00000,1.00000,1.00000,1.00000,22.62951s
100,15,12,0.00000,0.99000,30,0.87705,0.91176,0.72093,0.80519,53.72862s,29,0.86755,0.85366,0.71429,0.77778,46.14387s,22,1.00000,1.00000,1.00000,1.00000,22.72417s
100,15,12,0.20000,0.97000,15,0.83607,0.85938,0.63953,0.73333,52.66929s,13,0.83444,0.90000,0.55102,0.68354,44.19200s,19,0.94737,1.00000,0.83333,0.90909,22.68195s
100,15,12,0.20000,0.98000,22,0.85246,0.86765,0.68605,0.76623,53.16761s,17,0.84768,0.84211,0.65306,0.73563,45.48526s,19,0.94737,1.00000,0.83333,0.90909,22.24292s
100,15,12,0.20000,0.99000,25,0.87705,0.88889,0.74419,0.81013,54.15715s,17,0.86093,0.85000,0.69388,0.76404,46.16183s,22,1.00000,1.00000,1.00000,1.00000,22.63512s
100,15,12,0.50000,0.97000,15,0.84426,0.86364,0.66279,0.75000,50.14097s,9,0.78146,0.69048,0.59184,0.63736,42.63969s,18,0.94737,1.00000,0.83333,0.90909,22.87436s
100,15,12,0.50000,0.98000,18,0.84016,0.82192,0.69767,0.75472,53.49988s,12,0.85430,0.86486,0.65306,0.74419,43.68619s,18,0.94737,1.00000,0.83333,0.90909,22.58848s
100,15,12,0.50000,0.99000,17,0.83607,0.80263,0.70930,0.75309,53.35605s,19,0.84106,0.82051,0.65306,0.72727,45.36045s,17,0.94737,1.00000,0.83333,0.90909,22.47195s
100,15,15,0.00000,0.97000,28,0.87705,0.91176,0.72093,0.80519,81.35500s,23,0.86093,0.85000,0.69388,0.76404,69.46500s,22,1.00000,1.00000,1.00000,1.00000,35.21847s
100,15,15,0.00000,0.98000,29,0.87705,0.91176,0.72093,0.80519,81.85195s,26,0.86093,0.85000,0.69388,0.76404,69.91295s,22,1.00000,1.00000,1.00000,1.00000,35.49292s
100,15,15,0.00000,0.99000,29,0.87705,0.91176,0.72093,0.80519,82.20558s,29,0.86755,0.85366,0.71429,0.77778,69.94048s,22,1.00000,1.00000,1.00000,1.00000,35.73547s
100,15,15,0.20000,0.97000,15,0.83607,0.85938,0.63953,0.73333,81.23283s,13,0.83444,0.90000,0.55102,0.68354,68.37627s,19,0.94737,1.00000,0.83333,0.90909,35.59974s
100,15,15,0.20000,0.98000,22,0.85246,0.86765,0.68605,0.76623,81.20101s,17,0.84768,0.84211,0.65306,0.73563,69.62692s,19,0.94737,1.00000,0.83333,0.90909,34.58535s
100,15,15,0.20000,0.99000,25,0.87705,0.88889,0.74419,0.81013,81.99488s,17,0.86093,0.85000,0.69388,0.76404,70.14756s,22,1.00000,1.00000,1.00000,1.00000,34.99106s
100,15,15,0.50000,0.97000,15,0.84426,0.86364,0.66279,0.75000,78.68533s,9,0.78146,0.69048,0.59184,0.63736,66.59610s,18,0.94737,1.00000,0.83333,0.90909,35.29069s
100,15,15,0.50000,0.98000,18,0.84016,0.82192,0.69767,0.75472,82.14388s,12,0.85430,0.86486,0.65306,0.74419,68.18441s,18,0.94737,1.00000,0.83333,0.90909,35.38056s
100,15,15,0.50000,0.99000,17,0.83607,0.80263,0.70930,0.75309,82.06752s,19,0.84106,0.82051,0.65306,0.72727,70.16166s,16,0.94737,1.00000,0.83333,0.90909,35.77721s
100,15,18,0.00000,0.97000,28,0.87705,0.90000,0.73256,0.80769,116.55130s,23,0.86093,0.85000,0.69388,0.76404,99.47935s,22,1.00000,1.00000,1.00000,1.00000,51.06100s
100,15,18,0.00000,0.98000,29,0.87705,0.90000,0.73256,0.80769,118.09233s,26,0.86093,0.85000,0.69388,0.76404,100.49077s,22,1.00000,1.00000,1.00000,1.00000,51.56647s
100,15,18,0.00000,0.99000,30,0.87705,0.91176,0.72093,0.80519,115.73152s,29,0.86755,0.85366,0.71429,0.77778,98.63185s,22,1.00000,1.00000,1.00000,1.00000,50.31544s
100,15,18,0.20000,0.97000,15,0.83607,0.85938,0.63953,0.73333,115.04849s,13,0.83444,0.90000,0.55102,0.68354,98.04000s,19,0.94737,1.00000,0.83333,0.90909,50.45929s
100,15,18,0.20000,0.98000,22,0.85246,0.86765,0.68605,0.76623,116.13409s,17,0.84768,0.84211,0.65306,0.73563,99.34060s,19,0.94737,1.00000,0.83333,0.90909,50.42271s
100,15,18,0.20000,0.99000,25,0.87705,0.88889,0.74419,0.81013,116.91096s,17,0.86093,0.85000,0.69388,0.76404,100.42026s,22,1.00000,1.00000,1.00000,1.00000,50.70148s
100,15,18,0.50000,0.97000,15,0.84426,0.86364,0.66279,0.75000,114.03734s,9,0.78146,0.69048,0.59184,0.63736,97.19612s,18,0.94737,1.00000,0.83333,0.90909,51.48386s
100,15,18,0.50000,0.98000,18,0.84016,0.82192,0.69767,0.75472,115.20296s,12,0.85430,0.86486,0.65306,0.74419,97.18836s,18,0.94737,1.00000,0.83333,0.90909,50.54233s
100,15,18,0.50000,0.99000,17,0.83607,0.80263,0.70930,0.75309,116.69809s,19,0.84106,0.82051,0.65306,0.72727,100.13681s,17,0.94737,1.00000,0.83333,0.90909,51.11547s
100,20,3,0.00000,0.97000,27,0.87705,0.90000,0.73256,0.80769,10.98371s,23,0.85430,0.84615,0.67347,0.75000,8.84842s,22,1.00000,1.00000,1.00000,1.00000,3.02365s
100,20,3,0.00000,0.98000,28,0.87705,0.90000,0.73256,0.80769,11.05272s,28,0.86755,0.85366,0.71429,0.77778,9.11630s,22,1.00000,1.00000,1.00000,1.00000,3.05321s
100,20,3,0.00000,0.99000,30,0.87705,0.90000,0.73256,0.80769,11.15529s,31,0.86755,0.85366,0.71429,0.77778,10.02056s,22,1.00000,1.00000,1.00000,1.00000,3.32111s
100,20,3,0.20000,0.97000,15,0.83607,0.85938,0.63953,0.73333,9.64354s,13,0.83444,0.90000,0.55102,0.68354,6.27055s,17,0.94737,1.00000,0.83333,0.90909,2.96454s
100,20,3,0.20000,0.98000,23,0.86885,0.88571,0.72093,0.79487,11.06110s,17,0.84768,0.84211,0.65306,0.73563,9.08509s,18,0.94737,1.00000,0.83333,0.90909,2.86498s
100,20,3,0.20000,0.99000,25,0.87705,0.88889,0.74419,0.81013,11.23525s,17,0.86093,0.85000,0.69388,0.76404,9.05060s,22,1.00000,1.00000,1.00000,1.00000,2.96609s
100,20,3,0.50000,0.97000,15,0.84426,0.86364,0.66279,0.75000,6.57608s,9,0.78146,0.69048,0.59184,0.63736,4.33240s,19,0.94737,1.00000,0.83333,0.90909,2.92364s
100,20,3,0.50000,0.98000,17,0.84426,0.85294,0.67442,0.75325,10.89665s,12,0.85430,0.86486,0.65306,0.74419,6.07771s,18,0.94737,1.00000,0.83333,0.90909,2.95711s
100,20,3,0.50000,0.99000,17,0.83607,0.80263,0.70930,0.75309,11.09656s,19,0.84106,0.82051,0.65306,0.72727,9.01491s,16,0.94737,1.00000,0.83333,0.90909,2.92610s
100,20,6,0.00000,0.97000,29,0.87705,0.91176,0.72093,0.80519,22.65177s,23,0.86093,0.85000,0.69388,0.76404,19.14305s,22,1.00000,1.00000,1.00000,1.00000,8.22480s
100,20,6,0.00000,0.98000,30,0.87705,0.91176,0.72093,0.80519,23.06455s,26,0.86093,0.85000,0.69388,0.76404,19.40701s,22,1.00000,1.00000,1.00000,1.00000,8.39050s
100,20,6,0.00000,0.99000,30,0.87705,0.91176,0.72093,0.80519,23.00591s,29,0.86755,0.85366,0.71429,0.77778,19.43914s,22,1.00000,1.00000,1.00000,1.00000,8.34766s
100,20,6,0.20000,0.97000,15,0.83607,0.85938,0.63953,0.73333,21.76178s,13,0.83444,0.90000,0.55102,0.68354,16.52511s,19,0.94737,1.00000,0.83333,0.90909,8.21755s
100,20,6,0.20000,0.98000,22,0.85246,0.86765,0.68605,0.76623,22.87969s,17,0.84768,0.84211,0.65306,0.73563,20.16836s,19,0.94737,1.00000,0.83333,0.90909,8.27953s
100,20,6,0.20000,0.99000,25,0.87705,0.88889,0.74419,0.81013,23.73317s,17,0.86093,0.85000,0.69388,0.76404,19.30312s,22,1.00000,1.00000,1.00000,1.00000,8.14956s
100,20,6,0.50000,0.97000,15,0.84426,0.86364,0.66279,0.75000,17.38683s,9,0.78146,0.69048,0.59184,0.63736,14.19279s,18,0.94737,1.00000,0.83333,0.90909,7.83922s
100,20,6,0.50000,0.98000,18,0.84016,0.82192,0.69767,0.75472,23.01806s,12,0.85430,0.86486,0.65306,0.74419,16.50546s,18,0.94737,1.00000,0.83333,0.90909,8.21163s
100,20,6,0.50000,0.99000,17,0.83607,0.80263,0.70930,0.75309,23.06285s,19,0.84106,0.82051,0.65306,0.72727,19.33797s,16,0.94737,1.00000,0.83333,0.90909,8.26333s
100,20,9,0.00000,0.97000,28,0.87705,0.90000,0.73256,0.80769,50.67211s,23,0.86093,0.85000,0.69388,0.76404,41.04208s,22,1.00000,1.00000,1.00000,1.00000,17.00762s
100,20,9,0.00000,0.98000,29,0.87705,0.91176,0.72093,0.80519,51.07155s,26,0.86093,0.85000,0.69388,0.76404,40.68193s,22,1.00000,1.00000,1.00000,1.00000,16.21992s
100,20,9,0.00000,0.99000,29,0.87705,0.91176,0.72093,0.80519,49.79856s,29,0.86755,0.85366,0.71429,0.77778,39.22998s,23,1.00000,1.00000,1.00000,1.00000,16.37407s
100,20,9,0.20000,0.97000,15,0.83607,0.85938,0.63953,0.73333,42.95698s,13,0.83444,0.90000,0.55102,0.68354,36.56224s,19,0.94737,1.00000,0.83333,0.90909,17.28356s
100,20,9,0.20000,0.98000,22,0.85246,0.86765,0.68605,0.76623,44.04196s,17,0.84768,0.84211,0.65306,0.73563,37.23623s,19,0.94737,1.00000,0.83333,0.90909,17.00591s
100,20,9,0.20000,0.99000,25,0.87705,0.88889,0.74419,0.81013,43.66915s,17,0.86093,0.85000,0.69388,0.76404,36.97772s,22,1.00000,1.00000,1.00000,1.00000,17.43742s
100,20,9,0.50000,0.97000,15,0.84426,0.86364,0.66279,0.75000,38.70492s,9,0.78146,0.69048,0.59184,0.63736,32.28299s,18,0.94737,1.00000,0.83333,0.90909,17.41576s
100,20,9,0.50000,0.98000,18,0.84016,0.82192,0.69767,0.75472,43.65982s,12,0.85430,0.86486,0.65306,0.74419,34.14649s,18,0.94737,1.00000,0.83333,0.90909,17.65607s
100,20,9,0.50000,0.99000,17,0.83607,0.80263,0.70930,0.75309,43.25500s,19,0.84106,0.82051,0.65306,0.72727,36.71239s,16,0.94737,1.00000,0.83333,0.90909,17.27560s
100,20,12,0.00000,0.97000,29,0.87705,0.91176,0.72093,0.80519,73.00653s,23,0.86093,0.85000,0.69388,0.76404,62.64554s,22,1.00000,1.00000,1.00000,1.00000,31.06657s
100,20,12,0.00000,0.98000,29,0.87705,0.90000,0.73256,0.80769,72.66160s,26,0.86093,0.85000,0.69388,0.76404,61.77267s,22,1.00000,1.00000,1.00000,1.00000,30.53094s
100,20,12,0.00000,0.99000,30,0.87705,0.91176,0.72093,0.80519,74.13739s,29,0.86755,0.85366,0.71429,0.77778,63.02364s,22,1.00000,1.00000,1.00000,1.00000,30.98459s
100,20,12,0.20000,0.97000,15,0.83607,0.85938,0.63953,0.73333,70.67315s,13,0.83444,0.90000,0.55102,0.68354,59.49778s,19,0.94737,1.00000,0.83333,0.90909,30.49830s
100,20,12,0.20000,0.98000,22,0.85246,0.86765,0.68605,0.76623,72.99973s,17,0.84768,0.84211,0.65306,0.73563,62.90645s,19,0.94737,1.00000,0.83333,0.90909,30.65282s
100,20,12,0.20000,0.99000,25,0.87705,0.88889,0.74419,0.81013,73.90484s,17,0.86093,0.85000,0.69388,0.76404,63.44386s,22,1.00000,1.00000,1.00000,1.00000,30.72165s
100,20,12,0.50000,0.97000,15,0.84426,0.86364,0.66279,0.75000,68.03086s,9,0.78146,0.69048,0.59184,0.63736,57.17826s,18,0.94737,1.00000,0.83333,0.90909,30.40740s
100,20,12,0.50000,0.98000,18,0.84016,0.82192,0.69767,0.75472,72.77482s,12,0.85430,0.86486,0.65306,0.74419,59.76293s,18,0.94737,1.00000,0.83333,0.90909,30.87036s
100,20,12,0.50000,0.99000,17,0.83607,0.80263,0.70930,0.75309,73.15777s,19,0.84106,0.82051,0.65306,0.72727,62.82137s,17,0.94737,1.00000,0.83333,0.90909,30.85508s
100,20,15,0.00000,0.97000,28,0.87705,0.91176,0.72093,0.80519,111.57012s,23,0.86093,0.85000,0.69388,0.76404,95.53856s,22,1.00000,1.00000,1.00000,1.00000,48.54508s
100,20,15,0.00000,0.98000,29,0.87705,0.91176,0.72093,0.80519,110.93164s,26,0.86093,0.85000,0.69388,0.76404,94.98877s,22,1.00000,1.00000,1.00000,1.00000,47.90548s
100,20,15,0.00000,0.99000,29,0.87705,0.91176,0.72093,0.80519,110.64430s,29,0.86755,0.85366,0.71429,0.77778,94.55167s,22,1.00000,1.00000,1.00000,1.00000,47.83360s
100,20,15,0.20000,0.97000,15,0.83607,0.85938,0.63953,0.73333,108.51944s,13,0.83444,0.90000,0.55102,0.68354,91.89991s,19,0.94737,1.00000,0.83333,0.90909,47.25668s
100,20,15,0.20000,0.98000,22,0.85246,0.86765,0.68605,0.76623,110.31973s,17,0.84768,0.84211,0.65306,0.73563,94.68577s,19,0.94737,1.00000,0.83333,0.90909,47.40338s
100,20,15,0.20000,0.99000,25,0.87705,0.88889,0.74419,0.81013,111.52777s,17,0.86093,0.85000,0.69388,0.76404,95.31537s,22,1.00000,1.00000,1.00000,1.00000,47.54605s
100,20,15,0.50000,0.97000,15,0.84426,0.86364,0.66279,0.75000,106.04144s,9,0.78146,0.69048,0.59184,0.63736,90.27954s,18,0.94737,1.00000,0.83333,0.90909,47.55752s
100,20,15,0.50000,0.98000,18,0.84016,0.82192,0.69767,0.75472,111.59596s,12,0.85430,0.86486,0.65306,0.74419,92.90547s,18,0.94737,1.00000,0.83333,0.90909,48.19648s
100,20,15,0.50000,0.99000,17,0.83607,0.80263,0.70930,0.75309,109.44148s,19,0.84106,0.82051,0.65306,0.72727,93.59952s,16,0.94737,1.00000,0.83333,0.90909,46.72048s
100,20,18,0.00000,0.97000,28,0.87705,0.90000,0.73256,0.80769,156.74170s,23,0.86093,0.85000,0.69388,0.76404,134.35976s,22,1.00000,1.00000,1.00000,1.00000,68.68904s
100,20,18,0.00000,0.98000,29,0.87705,0.90000,0.73256,0.80769,156.98331s,26,0.86093,0.85000,0.69388,0.76404,134.49967s,22,1.00000,1.00000,1.00000,1.00000,69.22632s
100,20,18,0.00000,0.99000,30,0.87705,0.91176,0.72093,0.80519,157.71017s,29,0.86755,0.85366,0.71429,0.77778,135.60691s,22,1.00000,1.00000,1.00000,1.00000,68.89749s
100,20,18,0.20000,0.97000,15,0.83607,0.85938,0.63953,0.73333,159.73409s,13,0.83444,0.90000,0.55102,0.68354,135.78322s,19,0.94737,1.00000,0.83333,0.90909,68.44878s
100,20,18,0.20000,0.98000,22,0.85246,0.86765,0.68605,0.76623,161.86801s,17,0.84768,0.84211,0.65306,0.73563,143.43878s,19,0.94737,1.00000,0.83333,0.90909,67.51239s
100,20,18,0.20000,0.99000,25,0.87705,0.88889,0.74419,0.81013,164.61689s,17,0.86093,0.85000,0.69388,0.76404,141.47967s,22,1.00000,1.00000,1.00000,1.00000,68.35985s
100,20,18,0.50000,0.97000,15,0.84426,0.86364,0.66279,0.75000,153.10813s,9,0.78146,0.69048,0.59184,0.63736,130.00756s,18,0.94737,1.00000,0.83333,0.90909,68.87197s
100,20,18,0.50000,0.98000,18,0.84016,0.82192,0.69767,0.75472,158.50833s,12,0.85430,0.86486,0.65306,0.74419,132.89155s,18,0.94737,1.00000,0.83333,0.90909,69.89818s
100,20,18,0.50000,0.99000,17,0.83607,0.80263,0.70930,0.75309,157.80620s,19,0.84106,0.82051,0.65306,0.72727,136.02938s,17,0.94737,1.00000,0.83333,0.90909,69.95099s
150,10,3,0.00000,0.97000,27,0.87705,0.90000,0.73256,0.80769,10.20576s,25,0.87417,0.84091,0.75510,0.79570,8.25630s,25,1.00000,1.00000,1.00000,1.00000,2.43111s
150,10,3,0.00000,0.98000,29,0.87705,0.90000,0.73256,0.80769,10.46807s,28,0.86755,0.85366,0.71429,0.77778,8.40786s,22,1.00000,1.00000,1.00000,1.00000,2.44753s
150,10,3,0.00000,0.99000,31,0.87705,0.90000,0.73256,0.80769,10.44734s,31,0.86755,0.85366,0.71429,0.77778,8.42260s,24,1.00000,1.00000,1.00000,1.00000,2.45287s
150,10,3,0.20000,0.97000,13,0.83607,0.85938,0.63953,0.73333,5.17986s,19,0.81457,0.81818,0.55102,0.65854,8.27521s,18,1.00000,1.00000,1.00000,1.00000,2.30378s
150,10,3,0.20000,0.98000,17,0.83607,0.81081,0.69767,0.75000,9.78940s,22,0.85430,0.82927,0.69388,0.75556,8.23241s,19,0.94737,1.00000,0.83333,0.90909,2.30601s
150,10,3,0.20000,0.99000,24,0.87705,0.88889,0.74419,0.81013,9.98995s,17,0.86093,0.85000,0.69388,0.76404,8.43640s,22,1.00000,1.00000,1.00000,1.00000,2.29541s
150,10,3,0.50000,0.97000,9,0.79508,0.84615,0.51163,0.63768,3.74697s,12,0.84768,0.86111,0.63265,0.72941,4.11516s,19,0.94737,1.00000,0.83333,0.90909,2.34038s
150,10,3,0.50000,0.98000,14,0.83607,0.80263,0.70930,0.75309,6.62277s,19,0.83444,0.81579,0.63265,0.71264,7.99024s,17,0.94737,1.00000,0.83333,0.90909,2.33960s
150,10,3,0.50000,0.99000,20,0.86885,0.85526,0.75581,0.80247,9.74264s,19,0.84106,0.82051,0.65306,0.72727,8.32001s,16,0.94737,1.00000,0.83333,0.90909,2.31815s
150,10,6,0.00000,0.97000,26,0.87705,0.90000,0.73256,0.80769,18.84814s,23,0.84106,0.83784,0.63265,0.72093,15.52307s,22,1.00000,1.00000,1.00000,1.00000,6.25011s
150,10,6,0.00000,0.98000,31,0.87705,0.91176,0.72093,0.80519,18.73877s,27,0.86093,0.85000,0.69388,0.76404,15.64585s,22,1.00000,1.00000,1.00000,1.00000,6.23721s
150,10,6,0.00000,0.99000,31,0.87705,0.91176,0.72093,0.80519,18.92147s,29,0.86755,0.85366,0.71429,0.77778,15.72898s,22,1.00000,1.00000,1.00000,1.00000,6.15683s
150,10,6,0.20000,0.97000,14,0.83607,0.85938,0.63953,0.73333,13.49598s,20,0.83444,0.80000,0.65306,0.71910,15.04851s,18,0.94737,1.00000,0.83333,0.90909,5.88180s
150,10,6,0.20000,0.98000,17,0.83607,0.81081,0.69767,0.75000,18.07411s,21,0.85430,0.86486,0.65306,0.74419,15.58685s,18,0.94737,1.00000,0.83333,0.90909,5.90560s
150,10,6,0.20000,0.99000,23,0.87705,0.88889,0.74419,0.81013,18.84633s,17,0.86093,0.85000,0.69388,0.76404,15.52121s,22,1.00000,1.00000,1.00000,1.00000,5.94808s
150,10,6,0.50000,0.97000,9,0.79508,0.84615,0.51163,0.63768,12.18253s,11,0.84106,0.83784,0.63265,0.72093,11.28285s,19,0.94737,1.00000,0.83333,0.90909,6.09148s
150,10,6,0.50000,0.98000,15,0.84016,0.80519,0.72093,0.76074,14.54574s,18,0.83444,0.81579,0.63265,0.71264,15.08614s,17,0.94737,1.00000,0.83333,0.90909,6.05737s
150,10,6,0.50000,0.99000,20,0.86885,0.85526,0.75581,0.80247,18.10271s,19,0.84106,0.82051,0.65306,0.72727,15.46767s,17,0.94737,1.00000,0.83333,0.90909,6.02990s
150,10,9,0.00000,0.97000,26,0.87705,0.90000,0.73256,0.80769,33.11135s,23,0.84106,0.83784,0.63265,0.72093,27.93657s,22,1.00000,1.00000,1.00000,1.00000,12.60374s
150,10,9,0.00000,0.98000,30,0.87705,0.91176,0.72093,0.80519,33.60609s,27,0.86093,0.85000,0.69388,0.76404,28.35554s,22,1.00000,1.00000,1.00000,1.00000,12.54650s
150,10,9,0.00000,0.99000,31,0.87705,0.91176,0.72093,0.80519,33.64368s,29,0.86755,0.85366,0.71429,0.77778,28.45102s,22,1.00000,1.00000,1.00000,1.00000,12.78572s
150,10,9,0.20000,0.97000,14,0.83607,0.85938,0.63953,0.73333,27.98619s,20,0.83444,0.80000,0.65306,0.71910,27.29963s,18,0.94737,1.00000,0.83333,0.90909,12.54299s
150,10,9,0.20000,0.98000,17,0.83607,0.81081,0.69767,0.75000,32.62290s,21,0.85430,0.86486,0.65306,0.74419,27.96977s,18,0.94737,1.00000,0.83333,0.90909,12.50497s
150,10,9,0.20000,0.99000,23,0.87705,0.88889,0.74419,0.81013,33.27442s,17,0.86093,0.85000,0.69388,0.76404,28.08376s,22,1.00000,1.00000,1.00000,1.00000,12.78977s
150,10,9,0.50000,0.97000,9,0.79508,0.84615,0.51163,0.63768,26.78665s,11,0.84106,0.83784,0.63265,0.72093,23.68691s,19,0.94737,1.00000,0.83333,0.90909,12.60288s
150,10,9,0.50000,0.98000,15,0.84016,0.80519,0.72093,0.76074,29.46298s,18,0.83444,0.81579,0.63265,0.71264,27.82006s,17,0.94737,1.00000,0.83333,0.90909,12.78387s
150,10,9,0.50000,0.99000,20,0.86885,0.85526,0.75581,0.80247,32.73383s,19,0.84106,0.82051,0.65306,0.72727,28.02906s,17,0.94737,1.00000,0.83333,0.90909,12.63738s
150,10,12,0.00000,0.97000,26,0.87705,0.90000,0.73256,0.80769,53.83701s,23,0.84106,0.83784,0.63265,0.72093,46.05319s,22,1.00000,1.00000,1.00000,1.00000,21.93842s
150,10,12,0.00000,0.98000,31,0.87705,0.91176,0.72093,0.80519,54.60539s,27,0.86093,0.85000,0.69388,0.76404,46.01083s,22,1.00000,1.00000,1.00000,1.00000,22.00562s
150,10,12,0.00000,0.99000,31,0.87705,0.91176,0.72093,0.80519,54.31250s,29,0.86755,0.85366,0.71429,0.77778,46.17408s,22,1.00000,1.00000,1.00000,1.00000,22.17428s
150,10,12,0.20000,0.97000,14,0.83607,0.85938,0.63953,0.73333,49.12738s,20,0.83444,0.80000,0.65306,0.71910,45.25357s,18,0.94737,1.00000,0.83333,0.90909,21.72508s
150,10,12,0.20000,0.98000,17,0.83607,0.81081,0.69767,0.75000,53.75610s,21,0.85430,0.86486,0.65306,0.74419,45.80091s,18,0.94737,1.00000,0.83333,0.90909,21.63932s
150,10,12,0.20000,0.99000,23,0.87705,0.88889,0.74419,0.81013,53.61027s,17,0.86093,0.85000,0.69388,0.76404,45.65018s,22,1.00000,1.00000,1.00000,1.00000,21.69581s
150,10,12,0.50000,0.97000,9,0.79508,0.84615,0.51163,0.63768,48.07323s,11,0.84106,0.83784,0.63265,0.72093,41.93136s,19,0.94737,1.00000,0.83333,0.90909,21.97971s
150,10,12,0.50000,0.98000,15,0.84016,0.80519,0.72093,0.76074,50.64777s,18,0.83444,0.81579,0.63265,0.71264,46.03156s,17,0.94737,1.00000,0.83333,0.90909,22.30458s
150,10,12,0.50000,0.99000,20,0.86885,0.85526,0.75581,0.80247,53.71266s,19,0.84106,0.82051,0.65306,0.72727,45.96429s,18,0.94737,1.00000,0.83333,0.90909,22.05651s
150,10,15,0.00000,0.97000,26,0.87705,0.90000,0.73256,0.80769,81.05903s,22,0.84106,0.83784,0.63265,0.72093,68.82164s,22,1.00000,1.00000,1.00000,1.00000,33.95570s
150,10,15,0.00000,0.98000,30,0.87705,0.91176,0.72093,0.80519,82.05056s,27,0.86093,0.85000,0.69388,0.76404,69.64604s,22,1.00000,1.00000,1.00000,1.00000,34.43402s
150,10,15,0.00000,0.99000,31,0.87705,0.91176,0.72093,0.80519,81.93027s,29,0.86755,0.85366,0.71429,0.77778,69.75570s,22,1.00000,1.00000,1.00000,1.00000,34.47617s
150,10,15,0.20000,0.97000,14,0.83607,0.85938,0.63953,0.73333,76.06529s,20,0.83444,0.80000,0.65306,0.71910,68.35601s,18,0.94737,1.00000,0.83333,0.90909,33.46220s
150,10,15,0.20000,0.98000,17,0.83607,0.81081,0.69767,0.75000,80.52352s,21,0.85430,0.86486,0.65306,0.74419,68.98895s,18,0.94737,1.00000,0.83333,0.90909,33.72925s
150,10,15,0.20000,0.99000,23,0.87705,0.88889,0.74419,0.81013,81.68498s,17,0.86093,0.85000,0.69388,0.76404,69.45865s,22,1.00000,1.00000,1.00000,1.00000,34.34555s
150,10,15,0.50000,0.97000,9,0.79508,0.84615,0.51163,0.63768,74.99532s,11,0.84106,0.83784,0.63265,0.72093,65.03508s,19,0.94737,1.00000,0.83333,0.90909,33.90614s
150,10,15,0.50000,0.98000,15,0.84016,0.80519,0.72093,0.76074,77.74506s,18,0.83444,0.81579,0.63265,0.71264,68.94535s,17,0.94737,1.00000,0.83333,0.90909,34.31384s
150,10,15,0.50000,0.99000,20,0.86885,0.85526,0.75581,0.80247,81.23530s,19,0.84106,0.82051,0.65306,0.72727,69.78833s,18,0.94737,1.00000,0.83333,0.90909,34.86044s
150,10,18,0.00000,0.97000,27,0.87705,0.90000,0.73256,0.80769,113.94219s,23,0.84106,0.83784,0.63265,0.72093,97.35509s,22,1.00000,1.00000,1.00000,1.00000,48.84587s
150,10,18,0.00000,0.98000,31,0.87705,0.91176,0.72093,0.80519,114.50605s,26,0.86093,0.85000,0.69388,0.76404,97.89595s,22,1.00000,1.00000,1.00000,1.00000,49.16787s
150,10,18,0.00000,0.99000,31,0.87705,0.91176,0.72093,0.80519,112.35431s,29,0.86755,0.85366,0.71429,0.77778,96.80613s,22,1.00000,1.00000,1.00000,1.00000,48.93166s
150,10,18,0.20000,0.97000,14,0.83607,0.85938,0.63953,0.73333,110.66095s,20,0.83444,0.80000,0.65306,0.71910,97.37537s,18,0.94737,1.00000,0.83333,0.90909,49.22082s
150,10,18,0.20000,0.98000,17,0.83607,0.81081,0.69767,0.75000,112.57860s,21,0.85430,0.86486,0.65306,0.74419,96.16670s,18,0.94737,1.00000,0.83333,0.90909,48.36743s
150,10,18,0.20000,0.99000,23,0.87705,0.88889,0.74419,0.81013,114.90441s,17,0.86093,0.85000,0.69388,0.76404,97.84346s,22,1.00000,1.00000,1.00000,1.00000,49.40631s
150,10,18,0.50000,0.97000,9,0.79508,0.84615,0.51163,0.63768,109.69201s,11,0.84106,0.83784,0.63265,0.72093,94.84810s,19,0.94737,1.00000,0.83333,0.90909,49.87665s
150,10,18,0.50000,0.98000,15,0.84016,0.80519,0.72093,0.76074,111.73248s,18,0.83444,0.81579,0.63265,0.71264,98.62445s,17,0.94737,1.00000,0.83333,0.90909,50.12342s
150,10,18,0.50000,0.99000,20,0.86885,0.85526,0.75581,0.80247,114.22523s,19,0.84106,0.82051,0.65306,0.72727,97.94580s,17,0.94737,1.00000,0.83333,0.90909,49.45400s
150,15,3,0.00000,0.97000,27,0.87705,0.90000,0.73256,0.80769,15.71438s,25,0.87417,0.84091,0.75510,0.79570,12.92836s,25,1.00000,1.00000,1.00000,1.00000,3.74822s
150,15,3,0.00000,0.98000,29,0.87705,0.90000,0.73256,0.80769,15.86008s,28,0.86755,0.85366,0.71429,0.77778,13.01113s,22,1.00000,1.00000,1.00000,1.00000,3.73643s
150,15,3,0.00000,0.99000,31,0.87705,0.90000,0.73256,0.80769,16.00230s,31,0.86755,0.85366,0.71429,0.77778,12.96313s,24,1.00000,1.00000,1.00000,1.00000,3.73149s
150,15,3,0.20000,0.97000,13,0.83607,0.85938,0.63953,0.73333,7.94294s,19,0.81457,0.81818,0.55102,0.65854,12.65243s,18,1.00000,1.00000,1.00000,1.00000,3.55857s
150,15,3,0.20000,0.98000,17,0.83607,0.81081,0.69767,0.75000,15.34909s,22,0.85430,0.82927,0.69388,0.75556,12.82876s,19,0.94737,1.00000,0.83333,0.90909,3.54280s
150,15,3,0.20000,0.99000,24,0.87705,0.88889,0.74419,0.81013,16.30078s,17,0.86093,0.85000,0.69388,0.76404,13.42519s,22,1.00000,1.00000,1.00000,1.00000,3.62797s
150,15,3,0.50000,0.97000,9,0.79508,0.84615,0.51163,0.63768,5.71740s,12,0.84768,0.86111,0.63265,0.72941,6.41538s,19,0.94737,1.00000,0.83333,0.90909,3.63410s
150,15,3,0.50000,0.98000,14,0.83607,0.80263,0.70930,0.75309,10.52071s,19,0.83444,0.81579,0.63265,0.71264,12.63065s,17,0.94737,1.00000,0.83333,0.90909,3.61228s
150,15,3,0.50000,0.99000,20,0.86885,0.85526,0.75581,0.80247,15.33270s,19,0.84106,0.82051,0.65306,0.72727,13.06965s,16,0.94737,1.00000,0.83333,0.90909,3.62187s
150,15,6,0.00000,0.97000,26,0.87705,0.90000,0.73256,0.80769,28.90521s,23,0.84106,0.83784,0.63265,0.72093,24.19955s,22,1.00000,1.00000,1.00000,1.00000,9.68201s
150,15,6,0.00000,0.98000,31,0.87705,0.91176,0.72093,0.80519,29.13717s,27,0.86093,0.85000,0.69388,0.76404,24.32176s,22,1.00000,1.00000,1.00000,1.00000,9.65222s
150,15,6,0.00000,0.99000,31,0.87705,0.91176,0.72093,0.80519,29.09792s,29,0.86755,0.85366,0.71429,0.77778,24.49333s,22,1.00000,1.00000,1.00000,1.00000,9.46612s
150,15,6,0.20000,0.97000,14,0.83607,0.85938,0.63953,0.73333,20.93368s,20,0.83444,0.80000,0.65306,0.71910,23.55278s,18,0.94737,1.00000,0.83333,0.90909,9.32297s
150,15,6,0.20000,0.98000,17,0.83607,0.81081,0.69767,0.75000,28.13236s,21,0.85430,0.86486,0.65306,0.74419,24.12270s,18,0.94737,1.00000,0.83333,0.90909,9.44200s
150,15,6,0.20000,0.99000,23,0.87705,0.88889,0.74419,0.81013,28.75870s,17,0.86093,0.85000,0.69388,0.76404,24.22191s,22,1.00000,1.00000,1.00000,1.00000,9.46696s
150,15,6,0.50000,0.97000,9,0.79508,0.84615,0.51163,0.63768,18.90898s,11,0.84106,0.83784,0.63265,0.72093,17.61981s,19,0.94737,1.00000,0.83333,0.90909,9.55714s
150,15,6,0.50000,0.98000,15,0.84016,0.80519,0.72093,0.76074,23.00846s,18,0.83444,0.81579,0.63265,0.71264,23.90732s,17,0.94737,1.00000,0.83333,0.90909,9.64835s
150,15,6,0.50000,0.99000,20,0.86885,0.85526,0.75581,0.80247,28.29128s,19,0.84106,0.82051,0.65306,0.72727,24.10281s,17,0.94737,1.00000,0.83333,0.90909,9.42404s
150,15,9,0.00000,0.97000,26,0.87705,0.90000,0.73256,0.80769,51.58426s,23,0.84106,0.83784,0.63265,0.72093,43.67788s,22,1.00000,1.00000,1.00000,1.00000,19.76842s
150,15,9,0.00000,0.98000,30,0.87705,0.91176,0.72093,0.80519,51.82364s,27,0.86093,0.85000,0.69388,0.76404,43.81197s,22,1.00000,1.00000,1.00000,1.00000,19.86376s
150,15,9,0.00000,0.99000,31,0.87705,0.91176,0.72093,0.80519,52.36814s,29,0.86755,0.85366,0.71429,0.77778,44.19328s,23,1.00000,1.00000,1.00000,1.00000,19.98449s
150,15,9,0.20000,0.97000,14,0.83607,0.85938,0.63953,0.73333,43.84114s,20,0.83444,0.80000,0.65306,0.71910,43.25548s,18,0.94737,1.00000,0.83333,0.90909,19.72633s
150,15,9,0.20000,0.98000,17,0.83607,0.81081,0.69767,0.75000,51.01925s,21,0.85430,0.86486,0.65306,0.74419,43.76093s,18,0.94737,1.00000,0.83333,0.90909,19.87770s
150,15,9,0.20000,0.99000,23,0.87705,0.88889,0.74419,0.81013,51.58608s,17,0.86093,0.85000,0.69388,0.76404,44.04043s,22,1.00000,1.00000,1.00000,1.00000,19.83773s
150,15,9,0.50000,0.97000,9,0.79508,0.84615,0.51163,0.63768,41.69283s,11,0.84106,0.83784,0.63265,0.72093,37.27009s,19,0.94737,1.00000,0.83333,0.90909,19.61490s
150,15,9,0.50000,0.98000,15,0.84016,0.80519,0.72093,0.76074,45.91113s,18,0.83444,0.81579,0.63265,0.71264,43.45613s,17,0.94737,1.00000,0.83333,0.90909,19.83878s
150,15,9,0.50000,0.99000,20,0.86885,0.85526,0.75581,0.80247,51.38192s,19,0.84106,0.82051,0.65306,0.72727,43.98886s,17,0.94737,1.00000,0.83333,0.90909,19.90918s
150,15,12,0.00000,0.97000,26,0.87705,0.90000,0.73256,0.80769,84.75744s,23,0.84106,0.83784,0.63265,0.72093,72.23371s,22,1.00000,1.00000,1.00000,1.00000,34.69954s
150,15,12,0.00000,0.98000,31,0.87705,0.91176,0.72093,0.80519,84.13840s,27,0.86093,0.85000,0.69388,0.76404,71.05579s,22,1.00000,1.00000,1.00000,1.00000,34.13999s
150,15,12,0.00000,0.99000,31,0.87705,0.91176,0.72093,0.80519,85.27897s,29,0.86755,0.85366,0.71429,0.77778,71.97974s,22,1.00000,1.00000,1.00000,1.00000,34.82503s
150,15,12,0.20000,0.97000,14,0.83607,0.85938,0.63953,0.73333,76.73992s,20,0.83444,0.80000,0.65306,0.71910,71.13676s,18,0.94737,1.00000,0.83333,0.90909,34.44346s
150,15,12,0.20000,0.98000,17,0.83607,0.81081,0.69767,0.75000,83.31736s,21,0.85430,0.86486,0.65306,0.74419,71.41680s,18,0.94737,1.00000,0.83333,0.90909,34.06860s
150,15,12,0.20000,0.99000,23,0.87705,0.88889,0.74419,0.81013,83.89279s,17,0.86093,0.85000,0.69388,0.76404,71.66928s,22,1.00000,1.00000,1.00000,1.00000,34.27079s
150,15,12,0.50000,0.97000,9,0.79508,0.84615,0.51163,0.63768,73.73957s,11,0.84106,0.83784,0.63265,0.72093,64.77840s,19,0.94737,1.00000,0.83333,0.90909,34.30694s
150,15,12,0.50000,0.98000,15,0.84016,0.80519,0.72093,0.76074,77.96024s,18,0.83444,0.81579,0.63265,0.71264,71.28252s,17,0.94737,1.00000,0.83333,0.90909,34.27795s
150,15,12,0.50000,0.99000,20,0.86885,0.85526,0.75581,0.80247,83.62870s,19,0.84106,0.82051,0.65306,0.72727,71.57749s,18,0.94737,1.00000,0.83333,0.90909,34.33986s
150,15,15,0.00000,0.97000,26,0.87705,0.90000,0.73256,0.80769,125.86139s,22,0.84106,0.83784,0.63265,0.72093,107.41169s,23,1.00000,1.00000,1.00000,1.00000,52.89283s
150,15,15,0.00000,0.98000,30,0.87705,0.91176,0.72093,0.80519,126.86766s,27,0.86093,0.85000,0.69388,0.76404,108.18094s,22,1.00000,1.00000,1.00000,1.00000,53.54954s
150,15,15,0.00000,0.99000,31,0.87705,0.91176,0.72093,0.80519,127.30512s,29,0.86755,0.85366,0.71429,0.77778,108.17249s,22,1.00000,1.00000,1.00000,1.00000,53.59026s
150,15,15,0.20000,0.97000,14,0.83607,0.85938,0.63953,0.73333,118.96857s,20,0.83444,0.80000,0.65306,0.71910,107.50075s,18,0.94737,1.00000,0.83333,0.90909,52.88158s
150,15,15,0.20000,0.98000,17,0.83607,0.81081,0.69767,0.75000,125.50299s,21,0.85430,0.86486,0.65306,0.74419,106.97436s,18,0.94737,1.00000,0.83333,0.90909,52.68157s
150,15,15,0.20000,0.99000,23,0.87705,0.88889,0.74419,0.81013,126.57754s,17,0.86093,0.85000,0.69388,0.76404,108.46735s,22,1.00000,1.00000,1.00000,1.00000,53.49588s
150,15,15,0.50000,0.97000,9,0.79508,0.84615,0.51163,0.63768,118.27022s,11,0.84106,0.83784,0.63265,0.72093,102.20497s,19,0.94737,1.00000,0.83333,0.90909,53.65598s
150,15,15,0.50000,0.98000,15,0.84016,0.80519,0.72093,0.76074,120.19926s,18,0.83444,0.81579,0.63265,0.71264,106.80086s,17,0.94737,1.00000,0.83333,0.90909,53.18267s
150,15,15,0.50000,0.99000,20,0.86885,0.85526,0.75581,0.80247,125.47241s,19,0.84106,0.82051,0.65306,0.72727,108.04200s,18,0.94737,1.00000,0.83333,0.90909,54.10229s
150,15,18,0.00000,0.97000,27,0.87705,0.90000,0.73256,0.80769,178.16088s,23,0.84106,0.83784,0.63265,0.72093,152.07808s,22,1.00000,1.00000,1.00000,1.00000,76.55427s
150,15,18,0.00000,0.98000,31,0.87705,0.91176,0.72093,0.80519,180.06279s,26,0.86093,0.85000,0.69388,0.76404,153.05033s,22,1.00000,1.00000,1.00000,1.00000,77.48891s
150,15,18,0.00000,0.99000,31,0.87705,0.91176,0.72093,0.80519,177.69123s,29,0.86755,0.85366,0.71429,0.77778,151.91093s,22,1.00000,1.00000,1.00000,1.00000,76.88847s
150,15,18,0.20000,0.97000,14,0.83607,0.85938,0.63953,0.73333,170.83545s,20,0.83444,0.80000,0.65306,0.71910,151.15695s,18,0.94737,1.00000,0.83333,0.90909,75.60984s
150,15,18,0.20000,0.98000,17,0.83607,0.81081,0.69767,0.75000,177.71527s,21,0.85430,0.86486,0.65306,0.74419,152.91957s,18,0.94737,1.00000,0.83333,0.90909,76.71363s
150,15,18,0.20000,0.99000,23,0.87705,0.88889,0.74419,0.81013,176.20942s,17,0.86093,0.85000,0.69388,0.76404,152.19837s,22,1.00000,1.00000,1.00000,1.00000,72.00981s
150,15,18,0.50000,0.97000,9,0.79508,0.84615,0.51163,0.63768,168.12167s,11,0.84106,0.83784,0.63265,0.72093,146.19355s,19,0.94737,1.00000,0.83333,0.90909,76.43663s
150,15,18,0.50000,0.98000,15,0.84016,0.80519,0.72093,0.76074,173.16537s,18,0.83444,0.81579,0.63265,0.71264,153.19334s,17,0.94737,1.00000,0.83333,0.90909,77.08969s
150,15,18,0.50000,0.99000,20,0.86885,0.85526,0.75581,0.80247,177.62723s,19,0.84106,0.82051,0.65306,0.72727,152.13817s,17,0.94737,1.00000,0.83333,0.90909,76.51996s
150,20,3,0.00000,0.97000,27,0.87705,0.90000,0.73256,0.80769,21.32975s,25,0.87417,0.84091,0.75510,0.79570,17.48086s,25,1.00000,1.00000,1.00000,1.00000,5.12477s
150,20,3,0.00000,0.98000,29,0.87705,0.90000,0.73256,0.80769,21.38922s,28,0.86755,0.85366,0.71429,0.77778,17.59892s,22,1.00000,1.00000,1.00000,1.00000,5.09301s
150,20,3,0.00000,0.99000,31,0.87705,0.90000,0.73256,0.80769,21.74632s,31,0.86755,0.85366,0.71429,0.77778,17.55315s,24,1.00000,1.00000,1.00000,1.00000,5.10051s
150,20,3,0.20000,0.97000,13,0.83607,0.85938,0.63953,0.73333,10.69808s,19,0.81457,0.81818,0.55102,0.65854,17.30898s,18,1.00000,1.00000,1.00000,1.00000,4.82779s
150,20,3,0.20000,0.98000,17,0.83607,0.81081,0.69767,0.75000,20.83114s,22,0.85430,0.82927,0.69388,0.75556,17.48406s,19,0.94737,1.00000,0.83333,0.90909,4.90402s
150,20,3,0.20000,0.99000,24,0.87705,0.88889,0.74419,0.81013,21.27745s,17,0.86093,0.85000,0.69388,0.76404,17.99442s,22,1.00000,1.00000,1.00000,1.00000,4.91611s
150,20,3,0.50000,0.97000,9,0.79508,0.84615,0.51163,0.63768,7.62369s,12,0.84768,0.86111,0.63265,0.72941,8.64130s,19,0.94737,1.00000,0.83333,0.90909,4.84382s
150,20,3,0.50000,0.98000,14,0.83607,0.80263,0.70930,0.75309,14.44682s,19,0.83444,0.81579,0.63265,0.71264,17.16947s,17,0.94737,1.00000,0.83333,0.90909,4.88395s
150,20,3,0.50000,0.99000,20,0.86885,0.85526,0.75581,0.80247,20.85575s,19,0.84106,0.82051,0.65306,0.72727,17.58131s,16,0.94737,1.00000,0.83333,0.90909,4.88721s
150,20,6,0.00000,0.97000,26,0.87705,0.90000,0.73256,0.80769,39.36673s,23,0.84106,0.83784,0.63265,0.72093,32.91740s,22,1.00000,1.00000,1.00000,1.00000,13.15154s
150,20,6,0.00000,0.98000,31,0.87705,0.91176,0.72093,0.80519,39.53254s,27,0.86093,0.85000,0.69388,0.76404,33.01582s,22,1.00000,1.00000,1.00000,1.00000,13.11264s
150,20,6,0.00000,0.99000,31,0.87705,0.91176,0.72093,0.80519,40.00565s,29,0.86755,0.85366,0.71429,0.77778,33.04590s,22,1.00000,1.00000,1.00000,1.00000,13.25091s
150,20,6,0.20000,0.97000,14,0.83607,0.85938,0.63953,0.73333,28.72857s,20,0.83444,0.80000,0.65306,0.71910,32.47595s,18,0.94737,1.00000,0.83333,0.90909,12.92813s
150,20,6,0.20000,0.98000,17,0.83607,0.81081,0.69767,0.75000,38.60292s,21,0.85430,0.86486,0.65306,0.74419,32.70133s,18,0.94737,1.00000,0.83333,0.90909,12.78243s
150,20,6,0.20000,0.99000,23,0.87705,0.88889,0.74419,0.81013,39.01881s,17,0.86093,0.85000,0.69388,0.76404,32.72488s,22,1.00000,1.00000,1.00000,1.00000,12.93642s
150,20,6,0.50000,0.97000,9,0.79508,0.84615,0.51163,0.63768,25.44306s,11,0.84106,0.83784,0.63265,0.72093,23.73679s,19,0.94737,1.00000,0.83333,0.90909,12.75887s
150,20,6,0.50000,0.98000,15,0.84016,0.80519,0.72093,0.76074,31.07460s,18,0.83444,0.81579,0.63265,0.71264,32.28134s,17,0.94737,1.00000,0.83333,0.90909,12.72936s
150,20,6,0.50000,0.99000,20,0.86885,0.85526,0.75581,0.80247,38.60062s,19,0.84106,0.82051,0.65306,0.72727,32.81127s,17,0.94737,1.00000,0.83333,0.90909,12.82610s
150,20,9,0.00000,0.97000,26,0.87705,0.90000,0.73256,0.80769,70.11514s,23,0.84106,0.83784,0.63265,0.72093,59.26868s,22,1.00000,1.00000,1.00000,1.00000,26.75290s
150,20,9,0.00000,0.98000,30,0.87705,0.91176,0.72093,0.80519,70.13146s,27,0.86093,0.85000,0.69388,0.76404,59.24435s,22,1.00000,1.00000,1.00000,1.00000,26.93472s
150,20,9,0.00000,0.99000,31,0.87705,0.91176,0.72093,0.80519,70.24630s,29,0.86755,0.85366,0.71429,0.77778,59.28154s,22,1.00000,1.00000,1.00000,1.00000,26.98530s
150,20,9,0.20000,0.97000,14,0.83607,0.85938,0.63953,0.73333,59.78086s,20,0.83444,0.80000,0.65306,0.71910,59.01009s,18,0.94737,1.00000,0.83333,0.90909,26.83115s
150,20,9,0.20000,0.98000,17,0.83607,0.81081,0.69767,0.75000,69.81567s,21,0.85430,0.86486,0.65306,0.74419,59.66734s,18,0.94737,1.00000,0.83333,0.90909,26.76432s
150,20,9,0.20000,0.99000,23,0.87705,0.88889,0.74419,0.81013,69.94807s,17,0.86093,0.85000,0.69388,0.76404,59.74737s,22,1.00000,1.00000,1.00000,1.00000,27.06229s
150,20,9,0.50000,0.97000,9,0.79508,0.84615,0.51163,0.63768,54.75766s,11,0.84106,0.83784,0.63265,0.72093,49.72468s,19,0.94737,1.00000,0.83333,0.90909,27.05946s
150,20,9,0.50000,0.98000,15,0.84016,0.80519,0.72093,0.76074,62.49941s,18,0.83444,0.81579,0.63265,0.71264,58.97596s,17,0.94737,1.00000,0.83333,0.90909,26.85694s
150,20,9,0.50000,0.99000,20,0.86885,0.85526,0.75581,0.80247,69.60157s,19,0.84106,0.82051,0.65306,0.72727,59.17267s,17,0.94737,1.00000,0.83333,0.90909,26.74831s
150,20,12,0.00000,0.97000,26,0.87705,0.90000,0.73256,0.80769,113.89414s,23,0.84106,0.83784,0.63265,0.72093,97.16495s,22,1.00000,1.00000,1.00000,1.00000,46.64127s
150,20,12,0.00000,0.98000,31,0.87705,0.91176,0.72093,0.80519,116.45304s,27,0.86093,0.85000,0.69388,0.76404,98.22251s,22,1.00000,1.00000,1.00000,1.00000,47.13402s
150,20,12,0.00000,0.99000,31,0.87705,0.91176,0.72093,0.80519,115.10339s,29,0.86755,0.85366,0.71429,0.77778,97.94373s,22,1.00000,1.00000,1.00000,1.00000,46.51744s
150,20,12,0.20000,0.97000,14,0.83607,0.85938,0.63953,0.73333,104.62251s,20,0.83444,0.80000,0.65306,0.71910,97.01976s,18,0.94737,1.00000,0.83333,0.90909,46.87560s
150,20,12,0.20000,0.98000,17,0.83607,0.81081,0.69767,0.75000,113.51622s,21,0.85430,0.86486,0.65306,0.74419,97.16690s,18,0.94737,1.00000,0.83333,0.90909,46.53596s
150,20,12,0.20000,0.99000,23,0.87705,0.88889,0.74419,0.81013,113.64858s,17,0.86093,0.85000,0.69388,0.76404,97.08769s,22,1.00000,1.00000,1.00000,1.00000,46.60924s
150,20,12,0.50000,0.97000,9,0.79508,0.84615,0.51163,0.63768,101.06963s,11,0.84106,0.83784,0.63265,0.72093,88.49331s,19,0.94737,1.00000,0.83333,0.90909,46.49205s
150,20,12,0.50000,0.98000,15,0.84016,0.80519,0.72093,0.76074,106.92148s,18,0.83444,0.81579,0.63265,0.71264,96.71286s,17,0.94737,1.00000,0.83333,0.90909,46.48594s
150,20,12,0.50000,0.99000,20,0.86885,0.85526,0.75581,0.80247,113.21498s,19,0.84106,0.82051,0.65306,0.72727,97.25961s,18,0.94737,1.00000,0.83333,0.90909,46.87791s
150,20,15,0.00000,0.97000,26,0.87705,0.90000,0.73256,0.80769,172.24383s,22,0.84106,0.83784,0.63265,0.72093,146.57211s,22,1.00000,1.00000,1.00000,1.00000,72.49914s
150,20,15,0.00000,0.98000,30,0.87705,0.91176,0.72093,0.80519,171.18961s,27,0.86093,0.85000,0.69388,0.76404,144.91882s,22,1.00000,1.00000,1.00000,1.00000,71.72211s
150,20,15,0.00000,0.99000,31,0.87705,0.91176,0.72093,0.80519,172.41121s,29,0.86755,0.85366,0.71429,0.77778,147.20910s,22,1.00000,1.00000,1.00000,1.00000,73.26222s
150,20,15,0.20000,0.97000,14,0.83607,0.85938,0.63953,0.73333,160.58749s,20,0.83444,0.80000,0.65306,0.71910,146.34874s,18,0.94737,1.00000,0.83333,0.90909,72.29419s
150,20,15,0.20000,0.98000,17,0.83607,0.81081,0.69767,0.75000,170.90524s,21,0.85430,0.86486,0.65306,0.74419,146.91291s,18,0.94737,1.00000,0.83333,0.90909,72.40154s
150,20,15,0.20000,0.99000,23,0.87705,0.88889,0.74419,0.81013,171.52438s,17,0.86093,0.85000,0.69388,0.76404,146.29096s,22,1.00000,1.00000,1.00000,1.00000,72.35598s
150,20,15,0.50000,0.97000,9,0.79508,0.84615,0.51163,0.63768,158.83223s,11,0.84106,0.83784,0.63265,0.72093,137.78979s,19,0.94737,1.00000,0.83333,0.90909,72.22544s
150,20,15,0.50000,0.98000,15,0.84016,0.80519,0.72093,0.76074,164.41311s,18,0.83444,0.81579,0.63265,0.71264,146.24508s,17,0.94737,1.00000,0.83333,0.90909,72.25054s
150,20,15,0.50000,0.99000,20,0.86885,0.85526,0.75581,0.80247,172.35698s,19,0.84106,0.82051,0.65306,0.72727,147.45423s,18,0.94737,1.00000,0.83333,0.90909,72.78096s
150,20,18,0.00000,0.97000,27,0.87705,0.90000,0.73256,0.80769,241.49638s,23,0.84106,0.83784,0.63265,0.72093,207.24717s,22,1.00000,1.00000,1.00000,1.00000,104.11007s
150,20,18,0.00000,0.98000,31,0.87705,0.91176,0.72093,0.80519,244.15301s,26,0.86093,0.85000,0.69388,0.76404,208.43731s,22,1.00000,1.00000,1.00000,1.00000,105.11601s
150,20,18,0.00000,0.99000,31,0.87705,0.91176,0.72093,0.80519,241.77821s,29,0.86755,0.85366,0.71429,0.77778,205.90920s,22,1.00000,1.00000,1.00000,1.00000,103.75539s
150,20,18,0.20000,0.97000,14,0.83607,0.85938,0.63953,0.73333,233.20087s,20,0.83444,0.80000,0.65306,0.71910,206.61173s,18,0.94737,1.00000,0.83333,0.90909,104.02356s
150,20,18,0.20000,0.98000,17,0.83607,0.81081,0.69767,0.75000,242.37340s,21,0.85430,0.86486,0.65306,0.74419,208.18368s,18,0.94737,1.00000,0.83333,0.90909,103.46212s
150,20,18,0.20000,0.99000,23,0.87705,0.88889,0.74419,0.81013,243.47778s,17,0.86093,0.85000,0.69388,0.76404,207.68677s,22,1.00000,1.00000,1.00000,1.00000,104.74143s
150,20,18,0.50000,0.97000,9,0.79508,0.84615,0.51163,0.63768,230.09318s,11,0.84106,0.83784,0.63265,0.72093,199.45981s,19,0.94737,1.00000,0.83333,0.90909,104.75819s
150,20,18,0.50000,0.98000,15,0.84016,0.80519,0.72093,0.76074,235.03978s,18,0.83444,0.81579,0.63265,0.71264,207.29200s,17,0.94737,1.00000,0.83333,0.90909,103.54873s
150,20,18,0.50000,0.99000,20,0.86885,0.85526,0.75581,0.80247,242.17542s,19,0.84106,0.82051,0.65306,0.72727,208.32145s,17,0.94737,1.00000,0.83333,0.90909,104.05089s
200,10,3,0.00000,0.97000,27,0.87705,0.90000,0.73256,0.80769,16.18778s,25,0.87417,0.84091,0.75510,0.79570,13.38630s,24,1.00000,1.00000,1.00000,1.00000,3.48204s
200,10,3,0.00000,0.98000,29,0.87705,0.90000,0.73256,0.80769,16.67791s,28,0.86755,0.85366,0.71429,0.77778,13.60067s,23,1.00000,1.00000,1.00000,1.00000,3.48207s
200,10,3,0.00000,0.99000,31,0.87705,0.90000,0.73256,0.80769,16.81059s,32,0.86755,0.85366,0.71429,0.77778,13.61882s,23,1.00000,1.00000,1.00000,1.00000,3.54258s
200,10,3,0.20000,0.97000,13,0.83607,0.85938,0.63953,0.73333,6.70233s,24,0.86093,0.85000,0.69388,0.76404,13.21264s,19,1.00000,1.00000,1.00000,1.00000,3.37128s
200,10,3,0.20000,0.98000,18,0.83607,0.81944,0.68605,0.74684,15.58122s,22,0.85430,0.82927,0.69388,0.75556,13.88596s,21,1.00000,1.00000,1.00000,1.00000,3.39139s
200,10,3,0.20000,0.99000,24,0.87705,0.88889,0.74419,0.81013,16.69649s,18,0.84768,0.84211,0.65306,0.73563,13.65585s,22,1.00000,1.00000,1.00000,1.00000,3.42053s
200,10,3,0.50000,0.97000,9,0.79508,0.84615,0.51163,0.63768,4.95939s,15,0.83444,0.78571,0.67347,0.72527,5.74763s,17,0.94737,1.00000,0.83333,0.90909,3.43361s
200,10,3,0.50000,0.98000,14,0.83607,0.80263,0.70930,0.75309,8.76298s,18,0.83444,0.81579,0.63265,0.71264,13.27729s,17,0.94737,1.00000,0.83333,0.90909,3.38432s
200,10,3,0.50000,0.99000,20,0.86885,0.85526,0.75581,0.80247,15.75316s,17,0.84768,0.84211,0.65306,0.73563,13.70143s,16,0.94737,1.00000,0.83333,0.90909,3.39538s
200,10,6,0.00000,0.97000,27,0.87705,0.90000,0.73256,0.80769,27.83461s,25,0.86093,0.85000,0.69388,0.76404,23.28782s,23,1.00000,1.00000,1.00000,1.00000,8.70732s
200,10,6,0.00000,0.98000,31,0.87705,0.91176,0.72093,0.80519,28.26506s,27,0.86093,0.85000,0.69388,0.76404,23.61632s,22,1.00000,1.00000,1.00000,1.00000,8.67050s
200,10,6,0.00000,0.99000,31,0.87705,0.91176,0.72093,0.80519,28.20698s,32,0.86755,0.85366,0.71429,0.77778,23.47662s,22,1.00000,1.00000,1.00000,1.00000,8.54224s
200,10,6,0.20000,0.97000,14,0.83607,0.85938,0.63953,0.73333,19.81583s,20,0.81457,0.81818,0.55102,0.65854,24.40755s,17,0.94737,1.00000,0.83333,0.90909,8.95551s
200,10,6,0.20000,0.98000,18,0.83607,0.81944,0.68605,0.74684,28.08336s,21,0.85430,0.86486,0.65306,0.74419,27.78793s,18,0.94737,1.00000,0.83333,0.90909,8.57399s
200,10,6,0.20000,0.99000,23,0.87705,0.88889,0.74419,0.81013,31.09713s,17,0.86093,0.85000,0.69388,0.76404,26.58014s,22,1.00000,1.00000,1.00000,1.00000,8.58334s
200,10,6,0.50000,0.97000,9,0.79508,0.84615,0.51163,0.63768,17.07604s,14,0.85430,0.86486,0.65306,0.74419,16.44488s,18,0.94737,1.00000,0.83333,0.90909,8.77739s
200,10,6,0.50000,0.98000,15,0.84016,0.80519,0.72093,0.76074,22.09638s,16,0.82119,0.77500,0.63265,0.69663,27.21903s,15,0.94737,1.00000,0.83333,0.90909,8.66606s
200,10,6,0.50000,0.99000,20,0.86885,0.85526,0.75581,0.80247,32.43454s,17,0.84768,0.84211,0.65306,0.73563,27.26305s,16,0.94737,1.00000,0.83333,0.90909,8.82382s
200,10,9,0.00000,0.97000,27,0.87705,0.90000,0.73256,0.80769,54.90264s,23,0.86093,0.85000,0.69388,0.76404,43.84863s,22,1.00000,1.00000,1.00000,1.00000,17.60556s
200,10,9,0.00000,0.98000,30,0.87705,0.91176,0.72093,0.80519,54.69995s,27,0.86093,0.85000,0.69388,0.76404,45.13326s,22,1.00000,1.00000,1.00000,1.00000,17.45679s
200,10,9,0.00000,0.99000,31,0.87705,0.91176,0.72093,0.80519,56.89088s,32,0.86755,0.85366,0.71429,0.77778,45.35549s,22,1.00000,1.00000,1.00000,1.00000,17.24339s
200,10,9,0.20000,0.97000,14,0.83607,0.85938,0.63953,0.73333,42.38846s,20,0.81457,0.81818,0.55102,0.65854,45.72055s,17,0.94737,1.00000,0.83333,0.90909,16.92823s
200,10,9,0.20000,0.98000,18,0.83607,0.81944,0.68605,0.74684,55.34618s,21,0.85430,0.86486,0.65306,0.74419,46.52348s,18,0.94737,1.00000,0.83333,0.90909,16.93792s
200,10,9,0.20000,0.99000,23,0.87705,0.88889,0.74419,0.81013,56.78157s,17,0.86093,0.85000,0.69388,0.76404,44.81409s,22,1.00000,1.00000,1.00000,1.00000,16.86489s
200,10,9,0.50000,0.97000,9,0.79508,0.84615,0.51163,0.63768,38.27126s,14,0.85430,0.86486,0.65306,0.74419,34.13558s,18,0.94737,1.00000,0.83333,0.90909,17.09528s
200,10,9,0.50000,0.98000,15,0.84016,0.80519,0.72093,0.76074,44.59450s,16,0.82119,0.77500,0.63265,0.69663,42.90490s,16,0.94737,1.00000,0.83333,0.90909,16.92364s
200,10,9,0.50000,0.99000,20,0.86885,0.85526,0.75581,0.80247,51.13396s,17,0.84768,0.84211,0.65306,0.73563,46.25003s,16,0.94737,1.00000,0.83333,0.90909,17.38836s
200,10,12,0.00000,0.97000,27,0.87705,0.90000,0.73256,0.80769,84.45157s,24,0.86093,0.85000,0.69388,0.76404,69.80384s,25,1.00000,1.00000,1.00000,1.00000,29.64413s
200,10,12,0.00000,0.98000,31,0.87705,0.91176,0.72093,0.80519,85.71448s,27,0.86093,0.85000,0.69388,0.76404,70.28357s,23,1.00000,1.00000,1.00000,1.00000,29.37238s
200,10,12,0.00000,0.99000,31,0.87705,0.91176,0.72093,0.80519,88.18694s,32,0.86755,0.85366,0.71429,0.77778,69.07613s,22,1.00000,1.00000,1.00000,1.00000,28.43461s
200,10,12,0.20000,0.97000,14,0.83607,0.85938,0.63953,0.73333,73.12897s,20,0.81457,0.81818,0.55102,0.65854,68.57446s,17,0.94737,1.00000,0.83333,0.90909,28.98639s
200,10,12,0.20000,0.98000,18,0.83607,0.81944,0.68605,0.74684,87.34416s,21,0.85430,0.86486,0.65306,0.74419,71.88707s,18,0.94737,1.00000,0.83333,0.90909,28.98208s
200,10,12,0.20000,0.99000,23,0.87705,0.88889,0.74419,0.81013,83.72284s,17,0.86093,0.85000,0.69388,0.76404,70.87157s,22,1.00000,1.00000,1.00000,1.00000,28.76383s
200,10,12,0.50000,0.97000,9,0.79508,0.84615,0.51163,0.63768,64.64932s,14,0.85430,0.86486,0.65306,0.74419,56.29946s,18,0.94737,1.00000,0.83333,0.90909,29.76981s
200,10,12,0.50000,0.98000,15,0.84016,0.80519,0.72093,0.76074,67.32947s,16,0.82119,0.77500,0.63265,0.69663,62.79525s,16,0.94737,1.00000,0.83333,0.90909,29.95171s
200,10,12,0.50000,0.99000,20,0.86885,0.85526,0.75581,0.80247,74.97110s,17,0.84768,0.84211,0.65306,0.73563,64.11679s,16,0.94737,1.00000,0.83333,0.90909,30.10491s
200,10,15,0.00000,0.97000,27,0.87705,0.90000,0.73256,0.80769,112.22265s,22,0.84106,0.83784,0.63265,0.72093,95.78427s,22,1.00000,1.00000,1.00000,1.00000,46.52686s
200,10,15,0.00000,0.98000,30,0.87705,0.91176,0.72093,0.80519,111.31034s,27,0.86093,0.85000,0.69388,0.76404,95.38069s,22,1.00000,1.00000,1.00000,1.00000,46.07899s
200,10,15,0.00000,0.99000,31,0.87705,0.91176,0.72093,0.80519,111.59129s,32,0.86755,0.85366,0.71429,0.77778,94.97955s,22,1.00000,1.00000,1.00000,1.00000,46.10235s
200,10,15,0.20000,0.97000,14,0.83607,0.85938,0.63953,0.73333,103.15691s,20,0.81457,0.81818,0.55102,0.65854,95.14439s,18,0.94737,1.00000,0.83333,0.90909,46.33315s
200,10,15,0.20000,0.98000,18,0.83607,0.81944,0.68605,0.74684,109.22008s,21,0.85430,0.86486,0.65306,0.74419,94.85080s,18,0.94737,1.00000,0.83333,0.90909,45.49739s
200,10,15,0.20000,0.99000,23,0.87705,0.88889,0.74419,0.81013,110.87574s,17,0.86093,0.85000,0.69388,0.76404,95.12118s,22,1.00000,1.00000,1.00000,1.00000,45.48400s
200,10,15,0.50000,0.97000,9,0.79508,0.84615,0.51163,0.63768,101.25493s,14,0.85430,0.86486,0.65306,0.74419,88.05607s,18,0.94737,1.00000,0.83333,0.90909,46.46121s
200,10,15,0.50000,0.98000,15,0.84016,0.80519,0.72093,0.76074,103.35873s,16,0.82119,0.77500,0.63265,0.69663,93.06006s,16,0.94737,1.00000,0.83333,0.90909,45.79872s
200,10,15,0.50000,0.99000,20,0.86885,0.85526,0.75581,0.80247,110.73197s,17,0.84768,0.84211,0.65306,0.73563,95.38543s,16,0.94737,1.00000,0.83333,0.90909,46.29241s
200,10,18,0.00000,0.97000,28,0.87705,0.90000,0.73256,0.80769,157.02076s,23,0.84106,0.83784,0.63265,0.72093,134.30037s,22,1.00000,1.00000,1.00000,1.00000,66.38219s
200,10,18,0.00000,0.98000,31,0.87705,0.91176,0.72093,0.80519,157.23064s,27,0.86093,0.85000,0.69388,0.76404,134.14630s,22,1.00000,1.00000,1.00000,1.00000,66.81941s
200,10,18,0.00000,0.99000,31,0.87705,0.91176,0.72093,0.80519,155.62276s,32,0.86755,0.85366,0.71429,0.77778,133.15639s,22,1.00000,1.00000,1.00000,1.00000,66.10995s
200,10,18,0.20000,0.97000,14,0.83607,0.85938,0.63953,0.73333,145.49832s,20,0.81457,0.81818,0.55102,0.65854,130.81161s,17,0.94737,1.00000,0.83333,0.90909,64.76213s
200,10,18,0.20000,0.98000,18,0.83607,0.81944,0.68605,0.74684,154.03573s,21,0.85430,0.86486,0.65306,0.74419,131.93088s,18,0.94737,1.00000,0.83333,0.90909,65.57766s
200,10,18,0.20000,0.99000,23,0.87705,0.88889,0.74419,0.81013,154.42203s,17,0.86093,0.85000,0.69388,0.76404,132.88166s,22,1.00000,1.00000,1.00000,1.00000,65.36562s
200,10,18,0.50000,0.97000,9,0.79508,0.84615,0.51163,0.63768,142.79564s,14,0.85430,0.86486,0.65306,0.74419,122.98128s,18,0.94737,1.00000,0.83333,0.90909,64.44332s
200,10,18,0.50000,0.98000,15,0.84016,0.80519,0.72093,0.76074,146.69282s,16,0.82119,0.77500,0.63265,0.69663,129.76747s,17,0.94737,1.00000,0.83333,0.90909,65.47264s
200,10,18,0.50000,0.99000,20,0.86885,0.85526,0.75581,0.80247,154.48645s,17,0.84768,0.84211,0.65306,0.73563,132.94770s,17,0.94737,1.00000,0.83333,0.90909,65.74444s
200,15,3,0.00000,0.97000,27,0.87705,0.90000,0.73256,0.80769,25.20033s,25,0.87417,0.84091,0.75510,0.79570,20.84438s,24,1.00000,1.00000,1.00000,1.00000,5.36511s
200,15,3,0.00000,0.98000,29,0.87705,0.90000,0.73256,0.80769,25.51626s,28,0.86755,0.85366,0.71429,0.77778,20.94768s,23,1.00000,1.00000,1.00000,1.00000,5.35019s
200,15,3,0.00000,0.99000,31,0.87705,0.90000,0.73256,0.80769,25.87912s,32,0.86755,0.85366,0.71429,0.77778,21.02033s,24,1.00000,1.00000,1.00000,1.00000,5.40285s
200,15,3,0.20000,0.97000,13,0.83607,0.85938,0.63953,0.73333,10.53311s,24,0.86093,0.85000,0.69388,0.76404,20.62543s,19,1.00000,1.00000,1.00000,1.00000,5.19001s
200,15,3,0.20000,0.98000,18,0.83607,0.81944,0.68605,0.74684,24.44718s,22,0.85430,0.82927,0.69388,0.75556,21.44795s,21,1.00000,1.00000,1.00000,1.00000,5.15828s
200,15,3,0.20000,0.99000,24,0.87705,0.88889,0.74419,0.81013,26.09671s,18,0.84768,0.84211,0.65306,0.73563,21.06278s,22,1.00000,1.00000,1.00000,1.00000,5.23035s
200,15,3,0.50000,0.97000,9,0.79508,0.84615,0.51163,0.63768,7.52977s,15,0.83444,0.78571,0.67347,0.72527,8.87584s,17,0.94737,1.00000,0.83333,0.90909,5.23581s
200,15,3,0.50000,0.98000,14,0.83607,0.80263,0.70930,0.75309,13.74946s,18,0.83444,0.81579,0.63265,0.71264,20.63746s,17,0.94737,1.00000,0.83333,0.90909,5.13377s
200,15,3,0.50000,0.99000,20,0.86885,0.85526,0.75581,0.80247,24.62909s,17,0.84768,0.84211,0.65306,0.73563,20.87720s,16,0.94737,1.00000,0.83333,0.90909,5.20323s
200,15,6,0.00000,0.97000,27,0.87705,0.90000,0.73256,0.80769,42.50422s,25,0.86093,0.85000,0.69388,0.76404,35.63028s,23,1.00000,1.00000,1.00000,1.00000,13.22096s
200,15,6,0.00000,0.98000,31,0.87705,0.91176,0.72093,0.80519,43.15169s,27,0.86093,0.85000,0.69388,0.76404,36.02214s,22,1.00000,1.00000,1.00000,1.00000,13.25805s
200,15,6,0.00000,0.99000,31,0.87705,0.91176,0.72093,0.80519,43.28454s,32,0.86755,0.85366,0.71429,0.77778,36.29293s,22,1.00000,1.00000,1.00000,1.00000,13.18926s
200,15,6,0.20000,0.97000,14,0.83607,0.85938,0.63953,0.73333,28.08382s,20,0.81457,0.81818,0.55102,0.65854,35.28932s,17,0.94737,1.00000,0.83333,0.90909,12.96066s
200,15,6,0.20000,0.98000,18,0.83607,0.81944,0.68605,0.74684,41.55529s,21,0.85430,0.86486,0.65306,0.74419,35.69638s,18,0.94737,1.00000,0.83333,0.90909,12.93029s
200,15,6,0.20000,0.99000,23,0.87705,0.88889,0.74419,0.81013,42.48124s,17,0.86093,0.85000,0.69388,0.76404,35.61213s,22,1.00000,1.00000,1.00000,1.00000,12.93644s
200,15,6,0.50000,0.97000,9,0.79508,0.84615,0.51163,0.63768,24.78631s,14,0.85430,0.86486,0.65306,0.74419,23.59411s,18,0.94737,1.00000,0.83333,0.90909,13.02687s
200,15,6,0.50000,0.98000,15,0.84016,0.80519,0.72093,0.76074,30.10470s,16,0.82119,0.77500,0.63265,0.69663,34.03580s,15,0.94737,1.00000,0.83333,0.90909,12.89903s
200,15,6,0.50000,0.99000,20,0.86885,0.85526,0.75581,0.80247,41.89414s,17,0.84768,0.84211,0.65306,0.73563,35.78683s,16,0.94737,1.00000,0.83333,0.90909,12.97551s
200,15,9,0.00000,0.97000,27,0.87705,0.90000,0.73256,0.80769,72.00207s,23,0.86093,0.85000,0.69388,0.76404,60.94493s,22,1.00000,1.00000,1.00000,1.00000,26.42593s
200,15,9,0.00000,0.98000,30,0.87705,0.91176,0.72093,0.80519,73.37956s,27,0.86093,0.85000,0.69388,0.76404,62.05004s,22,1.00000,1.00000,1.00000,1.00000,26.95991s
200,15,9,0.00000,0.99000,31,0.87705,0.91176,0.72093,0.80519,73.55773s,32,0.86755,0.85366,0.71429,0.77778,62.04277s,22,1.00000,1.00000,1.00000,1.00000,27.06887s
200,15,9,0.20000,0.97000,14,0.83607,0.85938,0.63953,0.73333,58.07076s,20,0.81457,0.81818,0.55102,0.65854,60.82786s,17,0.94737,1.00000,0.83333,0.90909,26.62081s
200,15,9,0.20000,0.98000,18,0.83607,0.81944,0.68605,0.74684,71.73822s,21,0.85430,0.86486,0.65306,0.74419,61.53191s,18,0.94737,1.00000,0.83333,0.90909,26.59282s
200,15,9,0.20000,0.99000,23,0.87705,0.88889,0.74419,0.81013,73.00141s,17,0.86093,0.85000,0.69388,0.76404,61.76323s,22,1.00000,1.00000,1.00000,1.00000,26.39817s
200,15,9,0.50000,0.97000,9,0.79508,0.84615,0.51163,0.63768,55.01015s,14,0.85430,0.86486,0.65306,0.74419,49.41254s,18,0.94737,1.00000,0.83333,0.90909,26.53747s
200,15,9,0.50000,0.98000,15,0.84016,0.80519,0.72093,0.76074,60.53807s,16,0.82119,0.77500,0.63265,0.69663,60.17373s,16,0.94737,1.00000,0.83333,0.90909,26.44888s
200,15,9,0.50000,0.99000,20,0.86885,0.85526,0.75581,0.80247,72.16845s,17,0.84768,0.84211,0.65306,0.73563,61.63140s,16,0.94737,1.00000,0.83333,0.90909,26.63840s
200,15,12,0.00000,0.97000,27,0.87705,0.90000,0.73256,0.80769,117.34368s,24,0.86093,0.85000,0.69388,0.76404,99.87487s,25,1.00000,1.00000,1.00000,1.00000,47.09792s
200,15,12,0.00000,0.98000,31,0.87705,0.91176,0.72093,0.80519,116.07587s,27,0.86093,0.85000,0.69388,0.76404,98.45396s,23,1.00000,1.00000,1.00000,1.00000,46.00922s
200,15,12,0.00000,0.99000,31,0.87705,0.91176,0.72093,0.80519,116.88572s,32,0.86755,0.85366,0.71429,0.77778,99.28666s,22,1.00000,1.00000,1.00000,1.00000,45.75943s
200,15,12,0.20000,0.97000,14,0.83607,0.85938,0.63953,0.73333,101.77304s,20,0.81457,0.81818,0.55102,0.65854,98.08207s,17,0.94737,1.00000,0.83333,0.90909,45.84034s
200,15,12,0.20000,0.98000,18,0.83607,0.81944,0.68605,0.74684,114.33158s,21,0.85430,0.86486,0.65306,0.74419,98.39235s,18,0.94737,1.00000,0.83333,0.90909,45.59041s
200,15,12,0.20000,0.99000,23,0.87705,0.88889,0.74419,0.81013,116.16593s,17,0.86093,0.85000,0.69388,0.76404,99.25581s,22,1.00000,1.00000,1.00000,1.00000,45.84133s
200,15,12,0.50000,0.97000,9,0.79508,0.84615,0.51163,0.63768,99.24860s,14,0.85430,0.86486,0.65306,0.74419,87.62380s,18,0.94737,1.00000,0.83333,0.90909,46.35495s
200,15,12,0.50000,0.98000,15,0.84016,0.80519,0.72093,0.76074,103.42471s,16,0.82119,0.77500,0.63265,0.69663,96.79722s,16,0.94737,1.00000,0.83333,0.90909,45.71719s
200,15,12,0.50000,0.99000,20,0.86885,0.85526,0.75581,0.80247,115.62881s,17,0.84768,0.84211,0.65306,0.73563,99.28562s,16,0.94737,1.00000,0.83333,0.90909,45.98066s
200,15,15,0.00000,0.97000,27,0.87705,0.90000,0.73256,0.80769,172.87560s,22,0.84106,0.83784,0.63265,0.72093,147.09518s,22,1.00000,1.00000,1.00000,1.00000,71.71685s
200,15,15,0.00000,0.98000,30,0.87705,0.91176,0.72093,0.80519,172.88736s,27,0.86093,0.85000,0.69388,0.76404,147.36828s,22,1.00000,1.00000,1.00000,1.00000,71.87806s
200,15,15,0.00000,0.99000,31,0.87705,0.91176,0.72093,0.80519,173.53746s,32,0.86755,0.85366,0.71429,0.77778,147.80212s,22,1.00000,1.00000,1.00000,1.00000,72.03172s
200,15,15,0.20000,0.97000,14,0.83607,0.85938,0.63953,0.73333,155.51352s,20,0.81457,0.81818,0.55102,0.65854,144.43146s,18,0.94737,1.00000,0.83333,0.90909,69.77276s
200,15,15,0.20000,0.98000,18,0.83607,0.81944,0.68605,0.74684,170.91165s,21,0.85430,0.86486,0.65306,0.74419,146.52800s,18,0.94737,1.00000,0.83333,0.90909,70.88921s
200,15,15,0.20000,0.99000,23,0.87705,0.88889,0.74419,0.81013,173.02553s,17,0.86093,0.85000,0.69388,0.76404,148.24934s,22,1.00000,1.00000,1.00000,1.00000,72.06971s
200,15,15,0.50000,0.97000,9,0.79508,0.84615,0.51163,0.63768,156.77301s,14,0.85430,0.86486,0.65306,0.74419,138.12376s,18,0.94737,1.00000,0.83333,0.90909,71.48110s
200,15,15,0.50000,0.98000,15,0.84016,0.80519,0.72093,0.76074,159.34374s,16,0.82119,0.77500,0.63265,0.69663,144.32054s,16,0.94737,1.00000,0.83333,0.90909,70.66877s
200,15,15,0.50000,0.99000,20,0.86885,0.85526,0.75581,0.80247,170.94923s,17,0.84768,0.84211,0.65306,0.73563,145.81005s,16,0.94737,1.00000,0.83333,0.90909,70.42901s
200,15,18,0.00000,0.97000,28,0.87705,0.90000,0.73256,0.80769,239.53026s,23,0.84106,0.83784,0.63265,0.72093,204.86208s,22,1.00000,1.00000,1.00000,1.00000,101.69773s
200,15,18,0.00000,0.98000,31,0.87705,0.91176,0.72093,0.80519,240.46921s,27,0.86093,0.85000,0.69388,0.76404,204.83046s,22,1.00000,1.00000,1.00000,1.00000,102.01306s
200,15,18,0.00000,0.99000,31,0.87705,0.91176,0.72093,0.80519,241.44348s,32,0.86755,0.85366,0.71429,0.77778,205.66228s,22,1.00000,1.00000,1.00000,1.00000,102.32960s
200,15,18,0.20000,0.97000,14,0.83607,0.85938,0.63953,0.73333,228.64717s,20,0.81457,0.81818,0.55102,0.65854,206.07260s,17,0.94737,1.00000,0.83333,0.90909,102.91494s
200,15,18,0.20000,0.98000,18,0.83607,0.81944,0.68605,0.74684,240.50098s,21,0.85430,0.86486,0.65306,0.74419,206.73167s,18,0.94737,1.00000,0.83333,0.90909,102.22014s
200,15,18,0.20000,0.99000,23,0.87705,0.88889,0.74419,0.81013,244.39540s,17,0.86093,0.85000,0.69388,0.76404,208.51502s,22,1.00000,1.00000,1.00000,1.00000,103.58034s
200,15,18,0.50000,0.97000,9,0.79508,0.84615,0.51163,0.63768,225.67899s,14,0.85430,0.86486,0.65306,0.74419,195.39056s,18,0.94737,1.00000,0.83333,0.90909,102.74841s
200,15,18,0.50000,0.98000,15,0.84016,0.80519,0.72093,0.76074,229.72578s,16,0.82119,0.77500,0.63265,0.69663,205.07054s,17,0.94737,1.00000,0.83333,0.90909,102.22163s
200,15,18,0.50000,0.99000,20,0.86885,0.85526,0.75581,0.80247,243.29320s,17,0.84768,0.84211,0.65306,0.73563,207.83528s,17,0.94737,1.00000,0.83333,0.90909,104.27120s
200,20,3,0.00000,0.97000,27,0.87705,0.90000,0.73256,0.80769,34.35681s,25,0.87417,0.84091,0.75510,0.79570,28.50533s,24,1.00000,1.00000,1.00000,1.00000,7.35134s
200,20,3,0.00000,0.98000,29,0.87705,0.90000,0.73256,0.80769,35.84818s,28,0.86755,0.85366,0.71429,0.77778,28.72637s,23,1.00000,1.00000,1.00000,1.00000,7.43375s
200,20,3,0.00000,0.99000,31,0.87705,0.90000,0.73256,0.80769,35.24633s,32,0.86755,0.85366,0.71429,0.77778,28.69391s,23,1.00000,1.00000,1.00000,1.00000,7.47675s
200,20,3,0.20000,0.97000,13,0.83607,0.85938,0.63953,0.73333,14.50291s,24,0.86093,0.85000,0.69388,0.76404,28.27965s,19,1.00000,1.00000,1.00000,1.00000,7.04529s
200,20,3,0.20000,0.98000,18,0.83607,0.81944,0.68605,0.74684,33.78707s,22,0.85430,0.82927,0.69388,0.75556,28.89823s,21,1.00000,1.00000,1.00000,1.00000,7.10226s
200,20,3,0.20000,0.99000,24,0.87705,0.88889,0.74419,0.81013,35.31309s,18,0.84768,0.84211,0.65306,0.73563,28.61090s,22,1.00000,1.00000,1.00000,1.00000,7.21637s
200,20,3,0.50000,0.97000,9,0.79508,0.84615,0.51163,0.63768,9.73500s,15,0.83444,0.78571,0.67347,0.72527,11.70261s,17,0.94737,1.00000,0.83333,0.90909,6.96206s
200,20,3,0.50000,0.98000,14,0.83607,0.80263,0.70930,0.75309,19.40546s,18,0.83444,0.81579,0.63265,0.71264,28.46971s,17,0.94737,1.00000,0.83333,0.90909,7.24639s
200,20,3,0.50000,0.99000,20,0.86885,0.85526,0.75581,0.80247,34.20852s,17,0.84768,0.84211,0.65306,0.73563,28.69406s,16,0.94737,1.00000,0.83333,0.90909,7.18186s
200,20,6,0.00000,0.97000,27,0.87705,0.90000,0.73256,0.80769,58.42158s,25,0.86093,0.85000,0.69388,0.76404,49.14713s,23,1.00000,1.00000,1.00000,1.00000,18.13883s
200,20,6,0.00000,0.98000,31,0.87705,0.91176,0.72093,0.80519,58.82791s,27,0.86093,0.85000,0.69388,0.76404,49.11976s,22,1.00000,1.00000,1.00000,1.00000,18.08744s
200,20,6,0.00000,0.99000,31,0.87705,0.91176,0.72093,0.80519,59.21835s,32,0.86755,0.85366,0.71429,0.77778,49.29880s,22,1.00000,1.00000,1.00000,1.00000,18.16816s
200,20,6,0.20000,0.97000,14,0.83607,0.85938,0.63953,0.73333,38.05245s,20,0.81457,0.81818,0.55102,0.65854,48.11641s,17,0.94737,1.00000,0.83333,0.90909,17.37967s
200,20,6,0.20000,0.98000,18,0.83607,0.81944,0.68605,0.74684,57.45248s,21,0.85430,0.86486,0.65306,0.74419,49.30285s,18,0.94737,1.00000,0.83333,0.90909,18.06891s
200,20,6,0.20000,0.99000,23,0.87705,0.88889,0.74419,0.81013,59.63747s,17,0.86093,0.85000,0.69388,0.76404,49.16916s,22,1.00000,1.00000,1.00000,1.00000,17.88758s
200,20,6,0.50000,0.97000,9,0.79508,0.84615,0.51163,0.63768,34.15900s,14,0.85430,0.86486,0.65306,0.74419,32.57451s,18,0.94737,1.00000,0.83333,0.90909,18.02862s
200,20,6,0.50000,0.98000,15,0.84016,0.80519,0.72093,0.76074,41.58039s,16,0.82119,0.77500,0.63265,0.69663,47.21114s,15,0.94737,1.00000,0.83333,0.90909,17.89662s
200,20,6,0.50000,0.99000,20,0.86885,0.85526,0.75581,0.80247,57.53377s,17,0.84768,0.84211,0.65306,0.73563,48.83111s,16,0.94737,1.00000,0.83333,0.90909,17.57755s
200,20,9,0.00000,0.97000,27,0.87705,0.90000,0.73256,0.80769,100.02262s,23,0.86093,0.85000,0.69388,0.76404,84.66725s,22,1.00000,1.00000,1.00000,1.00000,37.11283s
200,20,9,0.00000,0.98000,30,0.87705,0.91176,0.72093,0.80519,99.85882s,27,0.86093,0.85000,0.69388,0.76404,84.42196s,22,1.00000,1.00000,1.00000,1.00000,36.44435s
200,20,9,0.00000,0.99000,31,0.87705,0.91176,0.72093,0.80519,100.45167s,32,0.86755,0.85366,0.71429,0.77778,84.82169s,22,1.00000,1.00000,1.00000,1.00000,36.94465s
200,20,9,0.20000,0.97000,14,0.83607,0.85938,0.63953,0.73333,79.84909s,20,0.81457,0.81818,0.55102,0.65854,84.00787s,17,0.94737,1.00000,0.83333,0.90909,36.36657s
200,20,9,0.20000,0.98000,18,0.83607,0.81944,0.68605,0.74684,98.84857s,21,0.85430,0.86486,0.65306,0.74419,84.39875s,18,0.94737,1.00000,0.83333,0.90909,36.51935s
200,20,9,0.20000,0.99000,23,0.87705,0.88889,0.74419,0.81013,99.86616s,17,0.86093,0.85000,0.69388,0.76404,84.56350s,22,1.00000,1.00000,1.00000,1.00000,35.75348s
200,20,9,0.50000,0.97000,9,0.79508,0.84615,0.51163,0.63768,74.99328s,14,0.85430,0.86486,0.65306,0.74419,67.82581s,18,0.94737,1.00000,0.83333,0.90909,36.18172s
200,20,9,0.50000,0.98000,15,0.84016,0.80519,0.72093,0.76074,82.98764s,16,0.82119,0.77500,0.63265,0.69663,82.65923s,16,0.94737,1.00000,0.83333,0.90909,36.57361s
200,20,9,0.50000,0.99000,20,0.86885,0.85526,0.75581,0.80247,99.34944s,17,0.84768,0.84211,0.65306,0.73563,84.91748s,16,0.94737,1.00000,0.83333,0.90909,36.43619s
200,20,12,0.00000,0.97000,27,0.87705,0.90000,0.73256,0.80769,157.13925s,24,0.86093,0.85000,0.69388,0.76404,133.74934s,25,1.00000,1.00000,1.00000,1.00000,62.21877s
200,20,12,0.00000,0.98000,31,0.87705,0.91176,0.72093,0.80519,159.02868s,27,0.86093,0.85000,0.69388,0.76404,135.06959s,22,1.00000,1.00000,1.00000,1.00000,62.61714s
200,20,12,0.00000,0.99000,31,0.87705,0.91176,0.72093,0.80519,159.08752s,32,0.86755,0.85366,0.71429,0.77778,135.86972s,22,1.00000,1.00000,1.00000,1.00000,63.58053s
200,20,12,0.20000,0.97000,14,0.83607,0.85938,0.63953,0.73333,137.93648s,20,0.81457,0.81818,0.55102,0.65854,133.46184s,17,0.94737,1.00000,0.83333,0.90909,62.22492s
200,20,12,0.20000,0.98000,18,0.83607,0.81944,0.68605,0.74684,158.46504s,21,0.85430,0.86486,0.65306,0.74419,135.63458s,18,0.94737,1.00000,0.83333,0.90909,63.44023s
200,20,12,0.20000,0.99000,23,0.87705,0.88889,0.74419,0.81013,157.71056s,17,0.86093,0.85000,0.69388,0.76404,134.52900s,22,1.00000,1.00000,1.00000,1.00000,62.02268s
200,20,12,0.50000,0.97000,9,0.79508,0.84615,0.51163,0.63768,134.80991s,14,0.85430,0.86486,0.65306,0.74419,118.10046s,18,0.94737,1.00000,0.83333,0.90909,62.55960s
200,20,12,0.50000,0.98000,15,0.84016,0.80519,0.72093,0.76074,142.54131s,16,0.82119,0.77500,0.63265,0.69663,133.35713s,16,0.94737,1.00000,0.83333,0.90909,62.81272s
200,20,12,0.50000,0.99000,20,0.86885,0.85526,0.75581,0.80247,157.18052s,17,0.84768,0.84211,0.65306,0.73563,133.80873s,16,0.94737,1.00000,0.83333,0.90909,62.29950s
200,20,15,0.00000,0.97000,27,0.87705,0.90000,0.73256,0.80769,233.58013s,22,0.84106,0.83784,0.63265,0.72093,199.65715s,22,1.00000,1.00000,1.00000,1.00000,97.56845s
200,20,15,0.00000,0.98000,30,0.87705,0.91176,0.72093,0.80519,235.55547s,27,0.86093,0.85000,0.69388,0.76404,201.07893s,22,1.00000,1.00000,1.00000,1.00000,97.97506s
200,20,15,0.00000,0.99000,31,0.87705,0.91176,0.72093,0.80519,233.94881s,32,0.86755,0.85366,0.71429,0.77778,199.63453s,22,1.00000,1.00000,1.00000,1.00000,96.06225s
200,20,15,0.20000,0.97000,14,0.83607,0.85938,0.63953,0.73333,218.00154s,20,0.81457,0.81818,0.55102,0.65854,202.00241s,18,0.94737,1.00000,0.83333,0.90909,98.38078s
200,20,15,0.20000,0.98000,18,0.83607,0.81944,0.68605,0.74684,233.70856s,21,0.85430,0.86486,0.65306,0.74419,200.38459s,18,0.94737,1.00000,0.83333,0.90909,96.63107s
200,20,15,0.20000,0.99000,23,0.87705,0.88889,0.74419,0.81013,236.67746s,17,0.86093,0.85000,0.69388,0.76404,202.12965s,22,1.00000,1.00000,1.00000,1.00000,97.52662s
200,20,15,0.50000,0.97000,9,0.79508,0.84615,0.51163,0.63768,211.34077s,14,0.85430,0.86486,0.65306,0.74419,184.18114s,18,0.94737,1.00000,0.83333,0.90909,97.64644s
200,20,15,0.50000,0.98000,15,0.84016,0.80519,0.72093,0.76074,219.13834s,16,0.82119,0.77500,0.63265,0.69663,199.51080s,16,0.94737,1.00000,0.83333,0.90909,97.81778s
200,20,15,0.50000,0.99000,20,0.86885,0.85526,0.75581,0.80247,232.54040s,17,0.84768,0.84211,0.65306,0.73563,200.63203s,16,0.94737,1.00000,0.83333,0.90909,97.00111s
200,20,18,0.00000,0.97000,28,0.87705,0.90000,0.73256,0.80769,329.52166s,23,0.84106,0.83784,0.63265,0.72093,281.89486s,22,1.00000,1.00000,1.00000,1.00000,139.43695s
200,20,18,0.00000,0.98000,31,0.87705,0.91176,0.72093,0.80519,329.18150s,27,0.86093,0.85000,0.69388,0.76404,282.09823s,22,1.00000,1.00000,1.00000,1.00000,138.98994s
200,20,18,0.00000,0.99000,31,0.87705,0.91176,0.72093,0.80519,327.39214s,32,0.86755,0.85366,0.71429,0.77778,278.53882s,22,1.00000,1.00000,1.00000,1.00000,138.36800s
200,20,18,0.20000,0.97000,14,0.83607,0.85938,0.63953,0.73333,311.40407s,20,0.81457,0.81818,0.55102,0.65854,280.49399s,17,0.94737,1.00000,0.83333,0.90909,138.42465s
200,20,18,0.20000,0.98000,18,0.83607,0.81944,0.68605,0.74684,329.27957s,21,0.85430,0.86486,0.65306,0.74419,282.18726s,18,0.94737,1.00000,0.83333,0.90909,139.31534s
200,20,18,0.20000,0.99000,23,0.87705,0.88889,0.74419,0.81013,329.46251s,17,0.86093,0.85000,0.69388,0.76404,282.73136s,22,1.00000,1.00000,1.00000,1.00000,138.90424s
200,20,18,0.50000,0.97000,9,0.79508,0.84615,0.51163,0.63768,305.68611s,14,0.85430,0.86486,0.65306,0.74419,265.61510s,18,0.94737,1.00000,0.83333,0.90909,139.02715s
200,20,18,0.50000,0.98000,15,0.84016,0.80519,0.72093,0.76074,315.38697s,16,0.82119,0.77500,0.63265,0.69663,280.70346s,17,0.94737,1.00000,0.83333,0.90909,140.70624s
200,20,18,0.50000,0.99000,20,0.86885,0.85526,0.75581,0.80247,326.88024s,17,0.84768,0.84211,0.65306,0.73563,278.76227s,17,0.94737,1.00000,0.83333,0.90909,137.61996s
