Q,I,K,C,#1num_cols,#1accuracy,#1precision,#1recall,#1f-score,#1time,#2num_cols,#2accuracy,#2precision,#2recall,#2f-score,#2time,#3num_cols,#3accuracy,#3precision,#3recall,#3f-score,#3time
100,10,3,0.89000,7,0.77869,0.86364,0.44186,0.58462,4.77701s,9,0.77483,0.72727,0.48980,0.58537,4.23986s,22,1.00000,1.00000,1.00000,1.00000,2.33812s
100,10,3,0.95000,26,0.84016,0.84058,0.67442,0.74839,8.07670s,20,0.86755,0.87179,0.69388,0.77273,7.41661s,29,1.00000,1.00000,1.00000,1.00000,2.87759s
100,10,3,0.99000,52,0.88115,0.90141,0.74419,0.81529,24.60126s,41,0.86093,0.86842,0.67347,0.75862,9.89215s,29,1.00000,1.00000,1.00000,1.00000,2.95451s
100,10,3,0.89000,5,0.75820,0.66667,0.62791,0.64671,4.55768s,2,0.67550,-nan,0.00000,-nan,3.88704s,18,0.89474,0.83333,0.83333,0.83333,2.10063s
100,10,3,0.95000,13,0.79918,0.82456,0.54651,0.65734,6.23417s,10,0.82119,0.86667,0.53061,0.65823,4.54130s,22,1.00000,1.00000,1.00000,1.00000,2.64203s
100,10,3,0.99000,31,0.86066,0.86111,0.72093,0.78481,11.57340s,29,0.87417,0.94118,0.65306,0.77108,9.46313s,26,1.00000,1.00000,1.00000,1.00000,2.62450s
100,10,3,0.89000,4,0.75410,0.79545,0.40698,0.53846,4.51314s,2,0.67550,-nan,0.00000,-nan,3.83930s,9,0.84211,0.80000,0.66667,0.72727,2.00242s
100,10,3,0.95000,7,0.77869,0.86364,0.44186,0.58462,5.02559s,6,0.76159,0.64444,0.59184,0.61702,4.03078s,17,1.00000,1.00000,1.00000,1.00000,2.45431s
100,10,3,0.99000,25,0.84016,0.81333,0.70930,0.75776,11.31886s,23,0.82781,0.81081,0.61224,0.69767,9.44910s,25,1.00000,1.00000,1.00000,1.00000,2.61426s
100,10,6,0.89000,7,0.77869,0.86364,0.44186,0.58462,15.89299s,9,0.77483,0.72727,0.48980,0.58537,14.47755s,23,1.00000,1.00000,1.00000,1.00000,5.77383s
100,10,6,0.95000,25,0.84426,0.82432,0.70930,0.76250,18.92765s,21,0.85430,0.88571,0.63265,0.73810,17.02550s,29,1.00000,1.00000,1.00000,1.00000,6.21853s
100,10,6,0.99000,52,0.88115,0.90141,0.74419,0.81529,35.88942s,40,0.86093,0.86842,0.67347,0.75862,19.51518s,29,1.00000,1.00000,1.00000,1.00000,6.40725s
100,10,6,0.89000,5,0.75820,0.66667,0.62791,0.64671,14.98453s,2,0.67550,-nan,0.00000,-nan,12.88030s,17,0.89474,0.83333,0.83333,0.83333,5.44154s
100,10,6,0.95000,13,0.79918,0.82456,0.54651,0.65734,17.14136s,10,0.82119,0.86667,0.53061,0.65823,14.28443s,22,1.00000,1.00000,1.00000,1.00000,6.03304s
100,10,6,0.99000,31,0.86066,0.86111,0.72093,0.78481,22.67778s,29,0.87417,0.94118,0.65306,0.77108,19.35885s,26,1.00000,1.00000,1.00000,1.00000,6.16538s
100,10,6,0.89000,4,0.75410,0.79545,0.40698,0.53846,15.76717s,2,0.67550,-nan,0.00000,-nan,13.76486s,9,0.84211,0.80000,0.66667,0.72727,5.51981s
100,10,6,0.95000,7,0.77869,0.86364,0.44186,0.58462,16.35796s,6,0.76159,0.64444,0.59184,0.61702,14.04404s,17,0.89474,0.83333,0.83333,0.83333,6.09985s
100,10,6,0.99000,25,0.84016,0.81333,0.70930,0.75776,22.42868s,23,0.82781,0.81081,0.61224,0.69767,19.40003s,25,1.00000,1.00000,1.00000,1.00000,6.09881s
100,10,9,0.89000,7,0.77869,0.86364,0.44186,0.58462,34.82572s,9,0.77483,0.72727,0.48980,0.58537,30.67048s,23,1.00000,1.00000,1.00000,1.00000,11.23327s
100,10,9,0.95000,25,0.84426,0.82432,0.70930,0.76250,38.56042s,21,0.85430,0.88571,0.63265,0.73810,34.78054s,30,1.00000,1.00000,1.00000,1.00000,12.50209s
100,10,9,0.99000,52,0.88115,0.90141,0.74419,0.81529,54.52616s,40,0.86093,0.86842,0.67347,0.75862,36.62977s,29,1.00000,1.00000,1.00000,1.00000,12.37322s
100,10,9,0.89000,5,0.75820,0.66667,0.62791,0.64671,35.39731s,2,0.67550,-nan,0.00000,-nan,31.32392s,17,0.89474,0.83333,0.83333,0.83333,11.78071s
100,10,9,0.95000,13,0.79918,0.82456,0.54651,0.65734,36.52152s,10,0.82119,0.86667,0.53061,0.65823,31.44413s,22,1.00000,1.00000,1.00000,1.00000,12.14015s
100,10,9,0.99000,31,0.86066,0.86111,0.72093,0.78481,41.96340s,29,0.87417,0.94118,0.65306,0.77108,36.35656s,26,1.00000,1.00000,1.00000,1.00000,12.15826s
100,10,9,0.89000,4,0.75410,0.79545,0.40698,0.53846,34.94303s,2,0.67550,-nan,0.00000,-nan,30.97056s,9,0.84211,0.80000,0.66667,0.72727,11.58662s
100,10,9,0.95000,7,0.77869,0.86364,0.44186,0.58462,35.53546s,6,0.76159,0.64444,0.59184,0.61702,31.03498s,17,0.89474,0.83333,0.83333,0.83333,11.97793s
100,10,9,0.99000,25,0.84016,0.81333,0.70930,0.75776,41.81140s,23,0.82781,0.81081,0.61224,0.69767,36.48006s,25,1.00000,1.00000,1.00000,1.00000,12.18922s
100,10,12,0.89000,7,0.77869,0.86364,0.44186,0.58462,61.78432s,9,0.77483,0.72727,0.48980,0.58537,57.08723s,23,1.00000,1.00000,1.00000,1.00000,20.80182s
100,10,12,0.95000,25,0.84426,0.82432,0.70930,0.76250,65.88547s,21,0.85430,0.88571,0.63265,0.73810,59.80379s,30,1.00000,1.00000,1.00000,1.00000,21.00464s
100,10,12,0.99000,53,0.88115,0.90141,0.74419,0.81529,82.20957s,40,0.86093,0.86842,0.67347,0.75862,61.07181s,29,1.00000,1.00000,1.00000,1.00000,21.11783s
100,10,12,0.89000,5,0.75820,0.66667,0.62791,0.64671,62.55850s,2,0.67550,-nan,0.00000,-nan,55.15537s,17,0.89474,0.83333,0.83333,0.83333,20.05064s
100,10,12,0.95000,13,0.79918,0.82456,0.54651,0.65734,64.94636s,10,0.82119,0.86667,0.53061,0.65823,57.02059s,22,1.00000,1.00000,1.00000,1.00000,21.14852s
100,10,12,0.99000,31,0.86066,0.86111,0.72093,0.78481,69.41290s,29,0.87417,0.94118,0.65306,0.77108,60.66294s,26,1.00000,1.00000,1.00000,1.00000,20.88002s
100,10,12,0.89000,4,0.75410,0.79545,0.40698,0.53846,62.89399s,2,0.67550,-nan,0.00000,-nan,54.93047s,9,0.84211,0.80000,0.66667,0.72727,19.79216s
100,10,12,0.95000,7,0.77869,0.86364,0.44186,0.58462,62.71138s,6,0.76159,0.64444,0.59184,0.61702,55.10372s,17,0.89474,0.83333,0.83333,0.83333,20.58855s
100,10,12,0.99000,25,0.84016,0.81333,0.70930,0.75776,70.01859s,23,0.82781,0.81081,0.61224,0.69767,60.74218s,25,1.00000,1.00000,1.00000,1.00000,20.80118s
100,10,15,0.89000,7,0.77869,0.86364,0.44186,0.58462,99.12707s,9,0.77483,0.72727,0.48980,0.58537,90.97296s,23,1.00000,1.00000,1.00000,1.00000,31.99470s
100,10,15,0.95000,25,0.84426,0.82432,0.70930,0.76250,103.08600s,21,0.85430,0.88571,0.63265,0.73810,92.36412s,30,1.00000,1.00000,1.00000,1.00000,32.42941s
100,10,15,0.99000,51,0.88115,0.90141,0.74419,0.81529,119.18894s,40,0.86093,0.86842,0.67347,0.75862,93.33339s,29,1.00000,1.00000,1.00000,1.00000,32.43819s
100,10,15,0.89000,5,0.75820,0.66667,0.62791,0.64671,98.37972s,2,0.67550,-nan,0.00000,-nan,87.68653s,17,0.89474,0.83333,0.83333,0.83333,31.43273s
100,10,15,0.95000,13,0.79918,0.82456,0.54651,0.65734,100.88842s,10,0.82119,0.86667,0.53061,0.65823,89.03646s,22,1.00000,1.00000,1.00000,1.00000,32.09525s
100,10,15,0.99000,31,0.86066,0.86111,0.72093,0.78481,106.37364s,29,0.87417,0.94118,0.65306,0.77108,93.14234s,26,1.00000,1.00000,1.00000,1.00000,32.21082s
100,10,15,0.89000,4,0.75410,0.79545,0.40698,0.53846,97.64521s,2,0.67550,-nan,0.00000,-nan,86.02073s,9,0.84211,0.80000,0.66667,0.72727,30.91904s
100,10,15,0.95000,7,0.77869,0.86364,0.44186,0.58462,99.15320s,6,0.76159,0.64444,0.59184,0.61702,86.93269s,17,0.89474,0.83333,0.83333,0.83333,31.82385s
100,10,15,0.99000,25,0.84016,0.81333,0.70930,0.75776,105.10773s,23,0.82781,0.81081,0.61224,0.69767,92.33860s,25,1.00000,1.00000,1.00000,1.00000,31.93290s
100,10,18,0.89000,7,0.77869,0.86364,0.44186,0.58462,143.60668s,9,0.77483,0.72727,0.48980,0.58537,132.80757s,23,1.00000,1.00000,1.00000,1.00000,45.59344s
100,10,18,0.95000,25,0.84426,0.82432,0.70930,0.76250,147.39963s,21,0.85430,0.88571,0.63265,0.73810,132.58690s,30,1.00000,1.00000,1.00000,1.00000,46.61794s
100,10,18,0.99000,51,0.88115,0.90141,0.74419,0.81529,160.32413s,40,0.86093,0.86842,0.67347,0.75862,130.63471s,29,1.00000,1.00000,1.00000,1.00000,45.10664s
100,10,18,0.89000,5,0.75820,0.66667,0.62791,0.64671,143.17756s,2,0.67550,-nan,0.00000,-nan,127.35093s,17,0.89474,0.83333,0.83333,0.83333,45.34140s
100,10,18,0.95000,13,0.79918,0.82456,0.54651,0.65734,146.99907s,10,0.82119,0.86667,0.53061,0.65823,130.24906s,22,1.00000,1.00000,1.00000,1.00000,46.91028s
100,10,18,0.99000,31,0.86066,0.86111,0.72093,0.78481,152.28345s,29,0.87417,0.94118,0.65306,0.77108,133.81140s,26,1.00000,1.00000,1.00000,1.00000,46.85394s
100,10,18,0.89000,4,0.75410,0.79545,0.40698,0.53846,144.93279s,2,0.67550,-nan,0.00000,-nan,127.87811s,9,0.84211,0.80000,0.66667,0.72727,45.91486s
100,10,18,0.95000,7,0.77869,0.86364,0.44186,0.58462,144.76697s,6,0.76159,0.64444,0.59184,0.61702,127.76208s,17,0.89474,0.83333,0.83333,0.83333,46.28402s
100,10,18,0.99000,25,0.84016,0.81333,0.70930,0.75776,150.39191s,23,0.82781,0.81081,0.61224,0.69767,132.68032s,25,1.00000,1.00000,1.00000,1.00000,46.17684s
100,15,3,0.89000,7,0.77869,0.86364,0.44186,0.58462,7.35320s,9,0.77483,0.72727,0.48980,0.58537,6.36918s,22,1.00000,1.00000,1.00000,1.00000,3.76600s
100,15,3,0.95000,26,0.84016,0.84058,0.67442,0.74839,12.57378s,20,0.86755,0.87179,0.69388,0.77273,11.88263s,29,1.00000,1.00000,1.00000,1.00000,4.54167s
100,15,3,0.99000,52,0.88115,0.90141,0.74419,0.81529,31.61007s,41,0.86093,0.86842,0.67347,0.75862,15.34456s,29,1.00000,1.00000,1.00000,1.00000,4.64769s
100,15,3,0.89000,5,0.75820,0.66667,0.62791,0.64671,6.96465s,2,0.67550,-nan,0.00000,-nan,5.91232s,18,0.89474,0.83333,0.83333,0.83333,3.19633s
100,15,3,0.95000,13,0.79918,0.82456,0.54651,0.65734,9.48825s,10,0.82119,0.86667,0.53061,0.65823,7.00710s,22,1.00000,1.00000,1.00000,1.00000,4.06261s
100,15,3,0.99000,31,0.86066,0.86111,0.72093,0.78481,17.73987s,29,0.87417,0.94118,0.65306,0.77108,14.55875s,26,1.00000,1.00000,1.00000,1.00000,4.06038s
100,15,3,0.89000,4,0.75410,0.79545,0.40698,0.53846,6.96667s,2,0.67550,-nan,0.00000,-nan,5.92161s,9,0.84211,0.80000,0.66667,0.72727,3.11273s
100,15,3,0.95000,7,0.77869,0.86364,0.44186,0.58462,7.72661s,6,0.76159,0.64444,0.59184,0.61702,6.23747s,17,1.00000,1.00000,1.00000,1.00000,3.80407s
100,15,3,0.99000,25,0.84016,0.81333,0.70930,0.75776,17.52138s,23,0.82781,0.81081,0.61224,0.69767,14.72008s,25,1.00000,1.00000,1.00000,1.00000,4.08849s
100,15,6,0.89000,7,0.77869,0.86364,0.44186,0.58462,24.93873s,9,0.77483,0.72727,0.48980,0.58537,22.52351s,23,1.00000,1.00000,1.00000,1.00000,9.07233s
100,15,6,0.95000,25,0.84426,0.82432,0.70930,0.76250,29.67816s,21,0.85430,0.88571,0.63265,0.73810,26.43424s,29,1.00000,1.00000,1.00000,1.00000,9.88999s
100,15,6,0.99000,52,0.88115,0.90141,0.74419,0.81529,49.03368s,40,0.86093,0.86842,0.67347,0.75862,30.17200s,29,1.00000,1.00000,1.00000,1.00000,9.81096s
100,15,6,0.89000,5,0.75820,0.66667,0.62791,0.64671,24.24509s,2,0.67550,-nan,0.00000,-nan,21.41355s,17,0.89474,0.83333,0.83333,0.83333,8.59422s
100,15,6,0.95000,13,0.79918,0.82456,0.54651,0.65734,26.81481s,10,0.82119,0.86667,0.53061,0.65823,22.44831s,22,1.00000,1.00000,1.00000,1.00000,9.44850s
100,15,6,0.99000,31,0.86066,0.86111,0.72093,0.78481,35.12963s,29,0.87417,0.94118,0.65306,0.77108,29.86722s,26,1.00000,1.00000,1.00000,1.00000,9.49351s
100,15,6,0.89000,4,0.75410,0.79545,0.40698,0.53846,24.29789s,2,0.67550,-nan,0.00000,-nan,21.22465s,9,0.84211,0.80000,0.66667,0.72727,8.41429s
100,15,6,0.95000,7,0.77869,0.86364,0.44186,0.58462,25.12646s,6,0.76159,0.64444,0.59184,0.61702,21.56439s,17,0.89474,0.83333,0.83333,0.83333,9.28293s
100,15,6,0.99000,25,0.84016,0.81333,0.70930,0.75776,35.06729s,23,0.82781,0.81081,0.61224,0.69767,30.12840s,25,1.00000,1.00000,1.00000,1.00000,9.56645s
100,15,9,0.89000,7,0.77869,0.86364,0.44186,0.58462,54.82259s,9,0.77483,0.72727,0.48980,0.58537,49.98886s,23,1.00000,1.00000,1.00000,1.00000,18.64299s
100,15,9,0.95000,25,0.84426,0.82432,0.70930,0.76250,59.59052s,21,0.85430,0.88571,0.63265,0.73810,54.21997s,30,1.00000,1.00000,1.00000,1.00000,19.30521s
100,15,9,0.99000,52,0.88115,0.90141,0.74419,0.81529,80.24358s,40,0.86093,0.86842,0.67347,0.75862,57.05628s,29,1.00000,1.00000,1.00000,1.00000,19.40815s
100,15,9,0.89000,5,0.75820,0.66667,0.62791,0.64671,54.85560s,2,0.67550,-nan,0.00000,-nan,48.67157s,17,0.89474,0.83333,0.83333,0.83333,18.23506s
100,15,9,0.95000,13,0.79918,0.82456,0.54651,0.65734,57.38572s,10,0.82119,0.86667,0.53061,0.65823,49.65843s,22,1.00000,1.00000,1.00000,1.00000,19.01874s
100,15,9,0.99000,31,0.86066,0.86111,0.72093,0.78481,65.10067s,29,0.87417,0.94118,0.65306,0.77108,56.38344s,26,1.00000,1.00000,1.00000,1.00000,18.88588s
100,15,9,0.89000,4,0.75410,0.79545,0.40698,0.53846,54.27514s,2,0.67550,-nan,0.00000,-nan,47.55314s,9,0.84211,0.80000,0.66667,0.72727,17.80364s
100,15,9,0.95000,7,0.77869,0.86364,0.44186,0.58462,55.23958s,6,0.76159,0.64444,0.59184,0.61702,48.18367s,17,0.89474,0.83333,0.83333,0.83333,18.64806s
100,15,9,0.99000,25,0.84016,0.81333,0.70930,0.75776,65.29721s,23,0.82781,0.81081,0.61224,0.69767,57.18674s,25,1.00000,1.00000,1.00000,1.00000,19.20699s
100,15,12,0.89000,7,0.77869,0.86364,0.44186,0.58462,98.86084s,9,0.77483,0.72727,0.48980,0.58537,90.89257s,23,1.00000,1.00000,1.00000,1.00000,32.41619s
100,15,12,0.95000,25,0.84426,0.82432,0.70930,0.76250,103.73226s,21,0.85430,0.88571,0.63265,0.73810,93.61468s,30,1.00000,1.00000,1.00000,1.00000,33.08626s
100,15,12,0.99000,53,0.88115,0.90141,0.74419,0.81529,123.33585s,40,0.86093,0.86842,0.67347,0.75862,95.61700s,29,1.00000,1.00000,1.00000,1.00000,33.31647s
100,15,12,0.89000,5,0.75820,0.66667,0.62791,0.64671,97.89593s,2,0.67550,-nan,0.00000,-nan,87.00495s,17,0.89474,0.83333,0.83333,0.83333,31.73756s
100,15,12,0.95000,13,0.79918,0.82456,0.54651,0.65734,101.44720s,10,0.82119,0.86667,0.53061,0.65823,88.77108s,22,1.00000,1.00000,1.00000,1.00000,32.66096s
100,15,12,0.99000,31,0.86066,0.86111,0.72093,0.78481,109.85234s,29,0.87417,0.94118,0.65306,0.77108,95.74132s,26,1.00000,1.00000,1.00000,1.00000,32.85776s
100,15,12,0.89000,4,0.75410,0.79545,0.40698,0.53846,97.67574s,2,0.67550,-nan,0.00000,-nan,85.85945s,9,0.84211,0.80000,0.66667,0.72727,31.33081s
100,15,12,0.95000,7,0.77869,0.86364,0.44186,0.58462,99.22421s,6,0.76159,0.64444,0.59184,0.61702,86.89086s,17,0.89474,0.83333,0.83333,0.83333,32.49316s
100,15,12,0.99000,25,0.84016,0.81333,0.70930,0.75776,109.21089s,23,0.82781,0.81081,0.61224,0.69767,95.44614s,25,1.00000,1.00000,1.00000,1.00000,32.87364s
100,15,15,0.89000,7,0.77869,0.86364,0.44186,0.58462,153.41135s,9,0.77483,0.72727,0.48980,0.58537,142.21204s,23,1.00000,1.00000,1.00000,1.00000,49.41745s
100,15,15,0.95000,25,0.84426,0.82432,0.70930,0.76250,160.20437s,21,0.85430,0.88571,0.63265,0.73810,143.67170s,30,1.00000,1.00000,1.00000,1.00000,50.27804s
100,15,15,0.99000,51,0.88115,0.90141,0.74419,0.81529,178.39510s,40,0.86093,0.86842,0.67347,0.75862,145.19056s,29,1.00000,1.00000,1.00000,1.00000,50.50052s
100,15,15,0.89000,5,0.75820,0.66667,0.62791,0.64671,154.56098s,2,0.67550,-nan,0.00000,-nan,137.78768s,17,0.89474,0.83333,0.83333,0.83333,49.63094s
100,15,15,0.95000,13,0.79918,0.82456,0.54651,0.65734,157.41054s,10,0.82119,0.86667,0.53061,0.65823,138.45654s,22,1.00000,1.00000,1.00000,1.00000,50.54278s
100,15,15,0.99000,31,0.86066,0.86111,0.72093,0.78481,165.96628s,29,0.87417,0.94118,0.65306,0.77108,145.79487s,26,1.00000,1.00000,1.00000,1.00000,50.70787s
100,15,15,0.89000,4,0.75410,0.79545,0.40698,0.53846,155.44307s,2,0.67550,-nan,0.00000,-nan,136.67802s,9,0.84211,0.80000,0.66667,0.72727,49.03903s
100,15,15,0.95000,7,0.77869,0.86364,0.44186,0.58462,155.21211s,6,0.76159,0.64444,0.59184,0.61702,135.75580s,17,0.89474,0.83333,0.83333,0.83333,49.46036s
100,15,15,0.99000,25,0.84016,0.81333,0.70930,0.75776,164.22510s,23,0.82781,0.81081,0.61224,0.69767,143.85736s,25,1.00000,1.00000,1.00000,1.00000,50.05467s
100,15,18,0.89000,7,0.77869,0.86364,0.44186,0.58462,224.88383s,9,0.77483,0.72727,0.48980,0.58537,206.70278s,23,1.00000,1.00000,1.00000,1.00000,71.64089s
100,15,18,0.95000,25,0.84426,0.82432,0.70930,0.76250,227.21156s,21,0.85430,0.88571,0.63265,0.73810,204.33440s,30,1.00000,1.00000,1.00000,1.00000,71.29457s
100,15,18,0.99000,51,0.88115,0.90141,0.74419,0.81529,246.73297s,40,0.86093,0.86842,0.67347,0.75862,205.14111s,29,1.00000,1.00000,1.00000,1.00000,71.87055s
100,15,18,0.89000,5,0.75820,0.66667,0.62791,0.64671,227.38943s,2,0.67550,-nan,0.00000,-nan,200.87468s,17,0.89474,0.83333,0.83333,0.83333,71.73732s
100,15,18,0.95000,13,0.79918,0.82456,0.54651,0.65734,225.78621s,10,0.82119,0.86667,0.53061,0.65823,199.42137s,22,1.00000,1.00000,1.00000,1.00000,71.88131s
100,15,18,0.99000,31,0.86066,0.86111,0.72093,0.78481,235.81143s,29,0.87417,0.94118,0.65306,0.77108,206.58556s,26,1.00000,1.00000,1.00000,1.00000,72.32475s
100,15,18,0.89000,4,0.75410,0.79545,0.40698,0.53846,224.80840s,2,0.67550,-nan,0.00000,-nan,197.76926s,9,0.84211,0.80000,0.66667,0.72727,70.84729s
100,15,18,0.95000,7,0.77869,0.86364,0.44186,0.58462,225.07094s,6,0.76159,0.64444,0.59184,0.61702,197.82086s,17,0.89474,0.83333,0.83333,0.83333,71.12015s
100,15,18,0.99000,25,0.84016,0.81333,0.70930,0.75776,235.03409s,23,0.82781,0.81081,0.61224,0.69767,206.42744s,25,1.00000,1.00000,1.00000,1.00000,71.99206s
100,20,3,0.89000,7,0.77869,0.86364,0.44186,0.58462,9.97588s,9,0.77483,0.72727,0.48980,0.58537,8.84928s,22,1.00000,1.00000,1.00000,1.00000,5.03697s
100,20,3,0.95000,26,0.84016,0.84058,0.67442,0.74839,17.20754s,20,0.86755,0.87179,0.69388,0.77273,15.77628s,29,1.00000,1.00000,1.00000,1.00000,5.98450s
100,20,3,0.99000,52,0.88115,0.90141,0.74419,0.81529,38.12650s,41,0.86093,0.86842,0.67347,0.75862,20.20141s,29,1.00000,1.00000,1.00000,1.00000,6.01366s
100,20,3,0.89000,5,0.75820,0.66667,0.62791,0.64671,9.42959s,2,0.67550,-nan,0.00000,-nan,8.07211s,18,0.89474,0.83333,0.83333,0.83333,4.31396s
100,20,3,0.95000,13,0.79918,0.82456,0.54651,0.65734,13.03813s,10,0.82119,0.86667,0.53061,0.65823,9.51358s,22,1.00000,1.00000,1.00000,1.00000,5.52809s
100,20,3,0.99000,31,0.86066,0.86111,0.72093,0.78481,23.92376s,29,0.87417,0.94118,0.65306,0.77108,19.67968s,26,1.00000,1.00000,1.00000,1.00000,5.51020s
100,20,3,0.89000,4,0.75410,0.79545,0.40698,0.53846,9.42938s,2,0.67550,-nan,0.00000,-nan,8.10451s,9,0.84211,0.80000,0.66667,0.72727,4.23040s
100,20,3,0.95000,7,0.77869,0.86364,0.44186,0.58462,10.44653s,6,0.76159,0.64444,0.59184,0.61702,8.49220s,17,1.00000,1.00000,1.00000,1.00000,5.20079s
100,20,3,0.99000,25,0.84016,0.81333,0.70930,0.75776,23.66323s,23,0.82781,0.81081,0.61224,0.69767,20.04384s,25,1.00000,1.00000,1.00000,1.00000,5.47825s
100,20,6,0.89000,7,0.77869,0.86364,0.44186,0.58462,33.32735s,9,0.77483,0.72727,0.48980,0.58537,30.28830s,23,1.00000,1.00000,1.00000,1.00000,12.37003s
100,20,6,0.95000,25,0.84426,0.82432,0.70930,0.76250,40.10302s,21,0.85430,0.88571,0.63265,0.73810,36.59151s,29,1.00000,1.00000,1.00000,1.00000,13.40751s
100,20,6,0.99000,52,0.88115,0.90141,0.74419,0.81529,61.35078s,40,0.86093,0.86842,0.67347,0.75862,41.41216s,29,1.00000,1.00000,1.00000,1.00000,13.30747s
100,20,6,0.89000,5,0.75820,0.66667,0.62791,0.64671,32.78249s,2,0.67550,-nan,0.00000,-nan,29.02973s,17,0.89474,0.83333,0.83333,0.83333,11.69905s
100,20,6,0.95000,13,0.79918,0.82456,0.54651,0.65734,36.46907s,10,0.82119,0.86667,0.53061,0.65823,30.55029s,22,1.00000,1.00000,1.00000,1.00000,12.76179s
100,20,6,0.99000,31,0.86066,0.86111,0.72093,0.78481,47.87835s,29,0.87417,0.94118,0.65306,0.77108,40.54076s,26,1.00000,1.00000,1.00000,1.00000,12.86813s
100,20,6,0.89000,4,0.75410,0.79545,0.40698,0.53846,36.52891s,2,0.67550,-nan,0.00000,-nan,30.65452s,9,0.84211,0.80000,0.66667,0.72727,10.63601s
100,20,6,0.95000,7,0.77869,0.86364,0.44186,0.58462,37.64883s,6,0.76159,0.64444,0.59184,0.61702,30.80081s,17,0.89474,0.83333,0.83333,0.83333,12.63105s
100,20,6,0.99000,25,0.84016,0.81333,0.70930,0.75776,57.80364s,23,0.82781,0.81081,0.61224,0.69767,46.83203s,25,1.00000,1.00000,1.00000,1.00000,12.83794s
100,20,9,0.89000,7,0.77869,0.86364,0.44186,0.58462,78.94224s,9,0.77483,0.72727,0.48980,0.58537,70.09945s,23,1.00000,1.00000,1.00000,1.00000,25.09803s
100,20,9,0.95000,25,0.84426,0.82432,0.70930,0.76250,83.36883s,21,0.85430,0.88571,0.63265,0.73810,74.34312s,30,1.00000,1.00000,1.00000,1.00000,26.08986s
100,20,9,0.99000,52,0.88115,0.90141,0.74419,0.81529,107.35872s,40,0.86093,0.86842,0.67347,0.75862,81.90419s,29,1.00000,1.00000,1.00000,1.00000,26.44511s
100,20,9,0.89000,5,0.75820,0.66667,0.62791,0.64671,74.29931s,2,0.67550,-nan,0.00000,-nan,65.94274s,17,0.89474,0.83333,0.83333,0.83333,24.70007s
100,20,9,0.95000,13,0.79918,0.82456,0.54651,0.65734,78.34563s,10,0.82119,0.86667,0.53061,0.65823,67.80675s,22,1.00000,1.00000,1.00000,1.00000,26.11733s
100,20,9,0.99000,31,0.86066,0.86111,0.72093,0.78481,88.93651s,29,0.87417,0.94118,0.65306,0.77108,77.02799s,26,1.00000,1.00000,1.00000,1.00000,25.83924s
100,20,9,0.89000,4,0.75410,0.79545,0.40698,0.53846,74.77425s,2,0.67550,-nan,0.00000,-nan,66.09592s,9,0.84211,0.80000,0.66667,0.72727,24.68030s
100,20,9,0.95000,7,0.77869,0.86364,0.44186,0.58462,75.03361s,6,0.76159,0.64444,0.59184,0.61702,65.64656s,17,0.89474,0.83333,0.83333,0.83333,25.36449s
100,20,9,0.99000,25,0.84016,0.81333,0.70930,0.75776,88.80642s,23,0.82781,0.81081,0.61224,0.69767,77.15512s,25,1.00000,1.00000,1.00000,1.00000,25.54816s
100,20,12,0.89000,7,0.77869,0.86364,0.44186,0.58462,133.46382s,9,0.77483,0.72727,0.48980,0.58537,122.53557s,23,1.00000,1.00000,1.00000,1.00000,43.62790s
100,20,12,0.95000,25,0.84426,0.82432,0.70930,0.76250,139.09155s,21,0.85430,0.88571,0.63265,0.73810,125.48250s,30,1.00000,1.00000,1.00000,1.00000,43.89681s
100,20,12,0.99000,53,0.88115,0.90141,0.74419,0.81529,162.80039s,40,0.86093,0.86842,0.67347,0.75862,128.88994s,29,1.00000,1.00000,1.00000,1.00000,44.70006s
100,20,12,0.89000,5,0.75820,0.66667,0.62791,0.64671,132.55603s,2,0.67550,-nan,0.00000,-nan,117.66926s,17,0.89474,0.83333,0.83333,0.83333,42.68693s
100,20,12,0.95000,13,0.79918,0.82456,0.54651,0.65734,137.56492s,10,0.82119,0.86667,0.53061,0.65823,120.16213s,22,1.00000,1.00000,1.00000,1.00000,44.71106s
100,20,12,0.99000,31,0.86066,0.86111,0.72093,0.78481,148.94809s,29,0.87417,0.94118,0.65306,0.77108,129.46655s,26,1.00000,1.00000,1.00000,1.00000,44.47659s
100,20,12,0.89000,4,0.75410,0.79545,0.40698,0.53846,133.75843s,2,0.67550,-nan,0.00000,-nan,117.73311s,9,0.84211,0.80000,0.66667,0.72727,42.70435s
100,20,12,0.95000,7,0.77869,0.86364,0.44186,0.58462,134.60371s,6,0.76159,0.64444,0.59184,0.61702,117.97977s,17,0.89474,0.83333,0.83333,0.83333,44.11859s
100,20,12,0.99000,25,0.84016,0.81333,0.70930,0.75776,147.99019s,23,0.82781,0.81081,0.61224,0.69767,128.78943s,25,1.00000,1.00000,1.00000,1.00000,44.08683s
100,20,15,0.89000,7,0.77869,0.86364,0.44186,0.58462,210.36916s,9,0.77483,0.72727,0.48980,0.58537,193.88064s,23,1.00000,1.00000,1.00000,1.00000,68.43288s
100,20,15,0.95000,25,0.84426,0.82432,0.70930,0.76250,216.15178s,21,0.85430,0.88571,0.63265,0.73810,194.92568s,30,1.00000,1.00000,1.00000,1.00000,68.03534s
100,20,15,0.99000,51,0.88115,0.90141,0.74419,0.81529,236.96642s,40,0.86093,0.86842,0.67347,0.75862,196.37634s,29,1.00000,1.00000,1.00000,1.00000,68.61501s
100,20,15,0.89000,5,0.75820,0.66667,0.62791,0.64671,209.75655s,2,0.67550,-nan,0.00000,-nan,186.70937s,17,0.89474,0.83333,0.83333,0.83333,67.04857s
100,20,15,0.95000,13,0.79918,0.82456,0.54651,0.65734,214.51552s,10,0.82119,0.86667,0.53061,0.65823,188.64920s,22,1.00000,1.00000,1.00000,1.00000,68.47660s
100,20,15,0.99000,31,0.86066,0.86111,0.72093,0.78481,224.90419s,29,0.87417,0.94118,0.65306,0.77108,197.51376s,26,1.00000,1.00000,1.00000,1.00000,68.53078s
100,20,15,0.89000,4,0.75410,0.79545,0.40698,0.53846,208.94319s,2,0.67550,-nan,0.00000,-nan,184.16625s,9,0.84211,0.80000,0.66667,0.72727,65.91637s
100,20,15,0.95000,7,0.77869,0.86364,0.44186,0.58462,211.95151s,6,0.76159,0.64444,0.59184,0.61702,186.43040s,17,0.89474,0.83333,0.83333,0.83333,68.66171s
100,20,15,0.99000,25,0.84016,0.81333,0.70930,0.75776,222.95161s,23,0.82781,0.81081,0.61224,0.69767,195.10847s,25,1.00000,1.00000,1.00000,1.00000,67.39667s
100,20,18,0.89000,7,0.77869,0.86364,0.44186,0.58462,304.81318s,9,0.77483,0.72727,0.48980,0.58537,281.13294s,23,1.00000,1.00000,1.00000,1.00000,97.79526s
100,20,18,0.95000,25,0.84426,0.82432,0.70930,0.76250,314.21571s,21,0.85430,0.88571,0.63265,0.73810,282.07135s,30,1.00000,1.00000,1.00000,1.00000,97.13462s
100,20,18,0.99000,51,0.88115,0.90141,0.74419,0.81529,328.61612s,40,0.86093,0.86842,0.67347,0.75862,275.36928s,29,1.00000,1.00000,1.00000,1.00000,95.94771s
100,20,18,0.89000,5,0.75820,0.66667,0.62791,0.64671,300.27069s,2,0.67550,-nan,0.00000,-nan,266.74970s,17,0.89474,0.83333,0.83333,0.83333,94.39336s
100,20,18,0.95000,13,0.79918,0.82456,0.54651,0.65734,306.05181s,10,0.82119,0.86667,0.53061,0.65823,269.69618s,22,1.00000,1.00000,1.00000,1.00000,97.11703s
100,20,18,0.99000,31,0.86066,0.86111,0.72093,0.78481,318.51496s,29,0.87417,0.94118,0.65306,0.77108,278.98760s,26,1.00000,1.00000,1.00000,1.00000,96.80738s
100,20,18,0.89000,4,0.75410,0.79545,0.40698,0.53846,306.52938s,2,0.67550,-nan,0.00000,-nan,270.21429s,9,0.84211,0.80000,0.66667,0.72727,97.26413s
100,20,18,0.95000,7,0.77869,0.86364,0.44186,0.58462,299.31387s,6,0.76159,0.64444,0.59184,0.61702,264.48888s,17,0.89474,0.83333,0.83333,0.83333,96.16875s
100,20,18,0.99000,25,0.84016,0.81333,0.70930,0.75776,319.44530s,23,0.82781,0.81081,0.61224,0.69767,281.15500s,25,1.00000,1.00000,1.00000,1.00000,98.94450s
150,10,3,0.89000,7,0.77869,0.86364,0.44186,0.58462,7.37643s,9,0.77483,0.72727,0.48980,0.58537,6.34786s,23,1.00000,1.00000,1.00000,1.00000,3.80348s
150,10,3,0.95000,24,0.84836,0.85507,0.68605,0.76129,10.78637s,20,0.86755,0.87179,0.69388,0.77273,10.88045s,30,1.00000,1.00000,1.00000,1.00000,4.74906s
150,10,3,0.99000,53,0.88115,0.90141,0.74419,0.81529,36.39870s,41,0.86093,0.86842,0.67347,0.75862,18.98107s,30,1.00000,1.00000,1.00000,1.00000,4.90818s
150,10,3,0.89000,5,0.75820,0.66667,0.62791,0.64671,6.91234s,2,0.67550,-nan,0.00000,-nan,5.74104s,18,0.89474,0.83333,0.83333,0.83333,3.20764s
150,10,3,0.95000,13,0.79918,0.82456,0.54651,0.65734,8.02155s,9,0.82119,0.86667,0.53061,0.65823,6.50154s,22,1.00000,1.00000,1.00000,1.00000,4.39856s
150,10,3,0.99000,35,0.87295,0.86667,0.75581,0.80745,22.06074s,30,0.87417,0.94118,0.65306,0.77108,18.60377s,27,1.00000,1.00000,1.00000,1.00000,4.42600s
150,10,3,0.89000,4,0.75410,0.79545,0.40698,0.53846,6.65363s,2,0.67550,-nan,0.00000,-nan,5.69250s,10,0.84211,0.80000,0.66667,0.72727,2.96256s
150,10,3,0.95000,5,0.75820,0.65517,0.66279,0.65896,6.95453s,6,0.76159,0.64444,0.59184,0.61702,5.93449s,22,1.00000,1.00000,1.00000,1.00000,4.19415s
150,10,3,0.99000,25,0.85246,0.84722,0.70930,0.77215,22.20881s,23,0.82781,0.81081,0.61224,0.69767,18.18143s,25,1.00000,1.00000,1.00000,1.00000,4.44319s
150,10,6,0.89000,7,0.77869,0.86364,0.44186,0.58462,24.86872s,9,0.77483,0.72727,0.48980,0.58537,21.37686s,23,1.00000,1.00000,1.00000,1.00000,8.86729s
150,10,6,0.95000,24,0.84836,0.85507,0.68605,0.76129,28.04162s,21,0.85430,0.88571,0.63265,0.73810,25.22231s,30,1.00000,1.00000,1.00000,1.00000,9.91133s
150,10,6,0.99000,53,0.88115,0.90141,0.74419,0.81529,52.42051s,40,0.86093,0.86842,0.67347,0.75862,33.55359s,30,1.00000,1.00000,1.00000,1.00000,9.99872s
150,10,6,0.89000,5,0.75820,0.66667,0.62791,0.64671,23.70956s,2,0.67550,-nan,0.00000,-nan,20.52174s,18,0.89474,0.83333,0.83333,0.83333,8.40438s
150,10,6,0.95000,13,0.79918,0.82456,0.54651,0.65734,24.94524s,9,0.82119,0.86667,0.53061,0.65823,20.34862s,22,1.00000,1.00000,1.00000,1.00000,9.34458s
150,10,6,0.99000,35,0.87295,0.86667,0.75581,0.80745,38.84680s,30,0.87417,0.94118,0.65306,0.77108,33.05082s,27,1.00000,1.00000,1.00000,1.00000,9.75525s
150,10,6,0.89000,4,0.75410,0.79545,0.40698,0.53846,23.47889s,2,0.67550,-nan,0.00000,-nan,20.62592s,10,0.84211,0.80000,0.66667,0.72727,8.24887s
150,10,6,0.95000,5,0.75820,0.65517,0.66279,0.65896,23.79484s,6,0.76159,0.64444,0.59184,0.61702,20.80969s,22,1.00000,1.00000,1.00000,1.00000,9.25240s
150,10,6,0.99000,25,0.85246,0.84722,0.70930,0.77215,38.47482s,23,0.82781,0.81081,0.61224,0.69767,33.18815s,25,1.00000,1.00000,1.00000,1.00000,9.25744s
150,10,9,0.89000,7,0.77869,0.86364,0.44186,0.58462,56.15507s,9,0.77483,0.72727,0.48980,0.58537,48.60512s,23,1.00000,1.00000,1.00000,1.00000,18.46352s
150,10,9,0.95000,24,0.84836,0.85507,0.68605,0.76129,58.33035s,21,0.85430,0.88571,0.63265,0.73810,51.68105s,31,1.00000,1.00000,1.00000,1.00000,19.09422s
150,10,9,0.99000,53,0.88115,0.90141,0.74419,0.81529,83.82796s,40,0.86093,0.86842,0.67347,0.75862,59.34590s,30,1.00000,1.00000,1.00000,1.00000,19.31116s
150,10,9,0.89000,5,0.75820,0.66667,0.62791,0.64671,53.41033s,2,0.67550,-nan,0.00000,-nan,47.00026s,18,0.89474,0.83333,0.83333,0.83333,17.70231s
150,10,9,0.95000,13,0.79918,0.82456,0.54651,0.65734,54.25247s,9,0.82119,0.86667,0.53061,0.65823,47.40709s,22,1.00000,1.00000,1.00000,1.00000,18.88220s
150,10,9,0.99000,35,0.87295,0.86667,0.75581,0.80745,68.50718s,30,0.87417,0.94118,0.65306,0.77108,58.95752s,27,1.00000,1.00000,1.00000,1.00000,18.89401s
150,10,9,0.89000,4,0.75410,0.79545,0.40698,0.53846,53.39954s,2,0.67550,-nan,0.00000,-nan,46.90853s,10,0.84211,0.80000,0.66667,0.72727,17.60540s
150,10,9,0.95000,5,0.75820,0.65517,0.66279,0.65896,53.25045s,6,0.76159,0.64444,0.59184,0.61702,46.74657s,22,1.00000,1.00000,1.00000,1.00000,18.39708s
150,10,9,0.99000,25,0.85246,0.84722,0.70930,0.77215,67.33723s,23,0.82781,0.81081,0.61224,0.69767,58.79766s,25,1.00000,1.00000,1.00000,1.00000,18.89732s
150,10,12,0.89000,7,0.77869,0.86364,0.44186,0.58462,100.15740s,9,0.77483,0.72727,0.48980,0.58537,87.52150s,23,1.00000,1.00000,1.00000,1.00000,31.31330s
150,10,12,0.95000,24,0.84836,0.85507,0.68605,0.76129,101.87739s,21,0.85430,0.88571,0.63265,0.73810,89.76194s,29,1.00000,1.00000,1.00000,1.00000,32.35294s
150,10,12,0.99000,53,0.88115,0.90141,0.74419,0.81529,123.64249s,40,0.86093,0.86842,0.67347,0.75862,96.22397s,30,1.00000,1.00000,1.00000,1.00000,32.29564s
150,10,12,0.89000,5,0.75820,0.66667,0.62791,0.64671,94.95800s,2,0.67550,-nan,0.00000,-nan,83.66013s,18,0.89474,0.83333,0.83333,0.83333,30.40563s
150,10,12,0.95000,13,0.79918,0.82456,0.54651,0.65734,96.25339s,9,0.82119,0.86667,0.53061,0.65823,84.44739s,22,1.00000,1.00000,1.00000,1.00000,31.87399s
150,10,12,0.99000,35,0.87295,0.86667,0.75581,0.80745,109.57103s,30,0.87417,0.94118,0.65306,0.77108,96.08391s,27,1.00000,1.00000,1.00000,1.00000,32.20442s
150,10,12,0.89000,4,0.75410,0.79545,0.40698,0.53846,94.59683s,2,0.67550,-nan,0.00000,-nan,83.58370s,10,0.84211,0.80000,0.66667,0.72727,30.45743s
150,10,12,0.95000,5,0.75820,0.65517,0.66279,0.65896,95.44317s,6,0.76159,0.64444,0.59184,0.61702,84.13933s,22,1.00000,1.00000,1.00000,1.00000,31.75592s
150,10,12,0.99000,25,0.85246,0.84722,0.70930,0.77215,109.34424s,23,0.82781,0.81081,0.61224,0.69767,95.82680s,25,1.00000,1.00000,1.00000,1.00000,31.83199s
150,10,15,0.89000,7,0.77869,0.86364,0.44186,0.58462,157.20552s,9,0.77483,0.72727,0.48980,0.58537,137.87736s,23,1.00000,1.00000,1.00000,1.00000,48.37215s
150,10,15,0.95000,24,0.84836,0.85507,0.68605,0.76129,159.52257s,21,0.85430,0.88571,0.63265,0.73810,139.83447s,29,1.00000,1.00000,1.00000,1.00000,49.17968s
150,10,15,0.99000,52,0.88115,0.90141,0.74419,0.81529,177.17604s,40,0.86093,0.86842,0.67347,0.75862,143.64252s,30,1.00000,1.00000,1.00000,1.00000,49.37693s
150,10,15,0.89000,5,0.75820,0.66667,0.62791,0.64671,151.04758s,2,0.67550,-nan,0.00000,-nan,133.21210s,18,0.89474,0.83333,0.83333,0.83333,47.78062s
150,10,15,0.95000,13,0.79918,0.82456,0.54651,0.65734,151.20371s,9,0.82119,0.86667,0.53061,0.65823,133.02139s,22,1.00000,1.00000,1.00000,1.00000,48.77254s
150,10,15,0.99000,35,0.87295,0.86667,0.75581,0.80745,164.40491s,30,0.87417,0.94118,0.65306,0.77108,143.91171s,27,1.00000,1.00000,1.00000,1.00000,49.49804s
150,10,15,0.89000,4,0.75410,0.79545,0.40698,0.53846,150.01145s,2,0.67550,-nan,0.00000,-nan,132.59168s,10,0.84211,0.80000,0.66667,0.72727,47.32293s
150,10,15,0.95000,5,0.75820,0.65517,0.66279,0.65896,149.79108s,6,0.76159,0.64444,0.59184,0.61702,132.36314s,22,1.00000,1.00000,1.00000,1.00000,48.73918s
150,10,15,0.99000,25,0.85246,0.84722,0.70930,0.77215,163.76005s,23,0.82781,0.81081,0.61224,0.69767,144.13727s,25,1.00000,1.00000,1.00000,1.00000,49.06738s
150,10,18,0.89000,7,0.77869,0.86364,0.44186,0.58462,227.85545s,9,0.77483,0.72727,0.48980,0.58537,199.32517s,23,1.00000,1.00000,1.00000,1.00000,68.98398s
150,10,18,0.95000,24,0.84836,0.85507,0.68605,0.76129,227.07033s,21,0.85430,0.88571,0.63265,0.73810,198.91649s,29,1.00000,1.00000,1.00000,1.00000,69.06316s
150,10,18,0.99000,52,0.88115,0.90141,0.74419,0.81529,242.93454s,40,0.86093,0.86842,0.67347,0.75862,200.74924s,30,1.00000,1.00000,1.00000,1.00000,69.83167s
150,10,18,0.89000,5,0.75820,0.66667,0.62791,0.64671,217.00631s,2,0.67550,-nan,0.00000,-nan,190.69029s,18,0.89474,0.83333,0.83333,0.83333,68.05663s
150,10,18,0.95000,13,0.79918,0.82456,0.54651,0.65734,220.98228s,9,0.82119,0.86667,0.53061,0.65823,193.59780s,22,1.00000,1.00000,1.00000,1.00000,70.59563s
150,10,18,0.99000,35,0.87295,0.86667,0.75581,0.80745,231.67959s,30,0.87417,0.94118,0.65306,0.77108,202.81974s,27,1.00000,1.00000,1.00000,1.00000,69.40751s
150,10,18,0.89000,4,0.75410,0.79545,0.40698,0.53846,215.28273s,2,0.67550,-nan,0.00000,-nan,189.47660s,10,0.84211,0.80000,0.66667,0.72727,67.50118s
150,10,18,0.95000,5,0.75820,0.65517,0.66279,0.65896,216.12638s,6,0.76159,0.64444,0.59184,0.61702,190.57523s,22,1.00000,1.00000,1.00000,1.00000,69.57320s
150,10,18,0.99000,25,0.85246,0.84722,0.70930,0.77215,230.99072s,23,0.82781,0.81081,0.61224,0.69767,203.89237s,25,1.00000,1.00000,1.00000,1.00000,70.14637s
150,15,3,0.89000,7,0.77869,0.86364,0.44186,0.58462,11.32217s,9,0.77483,0.72727,0.48980,0.58537,9.89285s,23,1.00000,1.00000,1.00000,1.00000,5.95214s
150,15,3,0.95000,24,0.84836,0.85507,0.68605,0.76129,16.79610s,20,0.86755,0.87179,0.69388,0.77273,17.05658s,30,1.00000,1.00000,1.00000,1.00000,7.27357s
150,15,3,0.99000,53,0.88115,0.90141,0.74419,0.81529,50.07550s,41,0.86093,0.86842,0.67347,0.75862,29.26065s,30,1.00000,1.00000,1.00000,1.00000,7.50805s
150,15,3,0.89000,5,0.75820,0.66667,0.62791,0.64671,10.59487s,2,0.67550,-nan,0.00000,-nan,8.95862s,18,0.89474,0.83333,0.83333,0.83333,5.01325s
150,15,3,0.95000,13,0.79918,0.82456,0.54651,0.65734,12.39897s,9,0.82119,0.86667,0.53061,0.65823,10.12842s,22,1.00000,1.00000,1.00000,1.00000,6.86389s
150,15,3,0.99000,35,0.87295,0.86667,0.75581,0.80745,34.20961s,30,0.87417,0.94118,0.65306,0.77108,27.91834s,27,1.00000,1.00000,1.00000,1.00000,6.92640s
150,15,3,0.89000,4,0.75410,0.79545,0.40698,0.53846,10.38592s,2,0.67550,-nan,0.00000,-nan,8.96116s,10,0.84211,0.80000,0.66667,0.72727,4.66738s
150,15,3,0.95000,5,0.75820,0.65517,0.66279,0.65896,10.71360s,6,0.76159,0.64444,0.59184,0.61702,9.17544s,22,1.00000,1.00000,1.00000,1.00000,6.35781s
150,15,3,0.99000,25,0.85246,0.84722,0.70930,0.77215,33.77240s,23,0.82781,0.81081,0.61224,0.69767,28.47299s,25,1.00000,1.00000,1.00000,1.00000,6.89076s
150,15,6,0.89000,7,0.77869,0.86364,0.44186,0.58462,38.33136s,9,0.77483,0.72727,0.48980,0.58537,33.12747s,23,1.00000,1.00000,1.00000,1.00000,13.72969s
150,15,6,0.95000,24,0.84836,0.85507,0.68605,0.76129,43.84118s,21,0.85430,0.88571,0.63265,0.73810,39.30174s,30,1.00000,1.00000,1.00000,1.00000,15.38806s
150,15,6,0.99000,53,0.88115,0.90141,0.74419,0.81529,73.41730s,40,0.86093,0.86842,0.67347,0.75862,51.54070s,30,1.00000,1.00000,1.00000,1.00000,15.57563s
150,15,6,0.89000,5,0.75820,0.66667,0.62791,0.64671,36.88419s,2,0.67550,-nan,0.00000,-nan,31.93630s,18,0.89474,0.83333,0.83333,0.83333,13.03134s
150,15,6,0.95000,13,0.79918,0.82456,0.54651,0.65734,38.42549s,9,0.82119,0.86667,0.53061,0.65823,33.15779s,22,1.00000,1.00000,1.00000,1.00000,14.88482s
150,15,6,0.99000,35,0.87295,0.86667,0.75581,0.80745,59.60608s,30,0.87417,0.94118,0.65306,0.77108,50.69601s,27,1.00000,1.00000,1.00000,1.00000,14.91275s
150,15,6,0.89000,4,0.75410,0.79545,0.40698,0.53846,36.70565s,2,0.67550,-nan,0.00000,-nan,32.25431s,10,0.84211,0.80000,0.66667,0.72727,12.89154s
150,15,6,0.95000,5,0.75820,0.65517,0.66279,0.65896,36.88938s,6,0.76159,0.64444,0.59184,0.61702,32.18307s,22,1.00000,1.00000,1.00000,1.00000,14.45760s
150,15,6,0.99000,25,0.85246,0.84722,0.70930,0.77215,59.76273s,23,0.82781,0.81081,0.61224,0.69767,51.37451s,25,1.00000,1.00000,1.00000,1.00000,15.06666s
150,15,9,0.89000,7,0.77869,0.86364,0.44186,0.58462,86.02853s,9,0.77483,0.72727,0.48980,0.58537,74.56683s,23,1.00000,1.00000,1.00000,1.00000,28.14271s
150,15,9,0.95000,24,0.84836,0.85507,0.68605,0.76129,91.89629s,21,0.85430,0.88571,0.63265,0.73810,81.98714s,31,1.00000,1.00000,1.00000,1.00000,30.09983s
150,15,9,0.99000,53,0.88115,0.90141,0.74419,0.81529,118.71282s,40,0.86093,0.86842,0.67347,0.75862,91.02756s,30,1.00000,1.00000,1.00000,1.00000,29.83712s
150,15,9,0.89000,5,0.75820,0.66667,0.62791,0.64671,81.72951s,2,0.67550,-nan,0.00000,-nan,71.75901s,18,0.89474,0.83333,0.83333,0.83333,26.83312s
150,15,9,0.95000,13,0.79918,0.82456,0.54651,0.65734,84.88902s,9,0.82119,0.86667,0.53061,0.65823,73.96644s,22,1.00000,1.00000,1.00000,1.00000,29.38194s
150,15,9,0.99000,35,0.87295,0.86667,0.75581,0.80745,105.22759s,30,0.87417,0.94118,0.65306,0.77108,91.14909s,27,1.00000,1.00000,1.00000,1.00000,29.24946s
150,15,9,0.89000,4,0.75410,0.79545,0.40698,0.53846,82.19229s,2,0.67550,-nan,0.00000,-nan,72.26707s,10,0.84211,0.80000,0.66667,0.72727,27.01032s
150,15,9,0.95000,5,0.75820,0.65517,0.66279,0.65896,82.78381s,6,0.76159,0.64444,0.59184,0.61702,72.95384s,22,1.00000,1.00000,1.00000,1.00000,29.04422s
150,15,9,0.99000,25,0.85246,0.84722,0.70930,0.77215,104.81269s,23,0.82781,0.81081,0.61224,0.69767,91.49343s,25,1.00000,1.00000,1.00000,1.00000,29.20682s
150,15,12,0.89000,7,0.77869,0.86364,0.44186,0.58462,152.57637s,9,0.77483,0.72727,0.48980,0.58537,133.17384s,23,1.00000,1.00000,1.00000,1.00000,48.45506s
150,15,12,0.95000,24,0.84836,0.85507,0.68605,0.76129,159.21980s,21,0.85430,0.88571,0.63265,0.73810,140.31118s,29,1.00000,1.00000,1.00000,1.00000,50.51776s
150,15,12,0.99000,53,0.88115,0.90141,0.74419,0.81529,184.04435s,40,0.86093,0.86842,0.67347,0.75862,149.05613s,30,1.00000,1.00000,1.00000,1.00000,50.19045s
150,15,12,0.89000,5,0.75820,0.66667,0.62791,0.64671,148.27832s,2,0.67550,-nan,0.00000,-nan,130.53147s,18,0.89474,0.83333,0.83333,0.83333,47.15976s
150,15,12,0.95000,13,0.79918,0.82456,0.54651,0.65734,151.45389s,9,0.82119,0.86667,0.53061,0.65823,132.94330s,22,1.00000,1.00000,1.00000,1.00000,50.44188s
150,15,12,0.99000,35,0.87295,0.86667,0.75581,0.80745,169.51735s,30,0.87417,0.94118,0.65306,0.77108,147.31378s,27,1.00000,1.00000,1.00000,1.00000,49.27534s
150,15,12,0.89000,4,0.75410,0.79545,0.40698,0.53846,147.84942s,2,0.67550,-nan,0.00000,-nan,130.33717s,10,0.84211,0.80000,0.66667,0.72727,47.12396s
150,15,12,0.95000,5,0.75820,0.65517,0.66279,0.65896,148.12309s,6,0.76159,0.64444,0.59184,0.61702,130.24103s,22,1.00000,1.00000,1.00000,1.00000,49.01784s
150,15,12,0.99000,25,0.85246,0.84722,0.70930,0.77215,171.77724s,23,0.82781,0.81081,0.61224,0.69767,150.08597s,25,1.00000,1.00000,1.00000,1.00000,49.67415s
150,15,15,0.89000,7,0.77869,0.86364,0.44186,0.58462,242.95594s,9,0.77483,0.72727,0.48980,0.58537,212.95545s,23,1.00000,1.00000,1.00000,1.00000,74.48787s
150,15,15,0.95000,24,0.84836,0.85507,0.68605,0.76129,246.02488s,21,0.85430,0.88571,0.63265,0.73810,215.85990s,29,1.00000,1.00000,1.00000,1.00000,76.04888s
150,15,15,0.99000,52,0.88115,0.90141,0.74419,0.81529,267.54028s,40,0.86093,0.86842,0.67347,0.75862,223.11472s,30,1.00000,1.00000,1.00000,1.00000,76.51807s
150,15,15,0.89000,5,0.75820,0.66667,0.62791,0.64671,232.01838s,2,0.67550,-nan,0.00000,-nan,204.94142s,18,0.89474,0.83333,0.83333,0.83333,73.36721s
150,15,15,0.95000,13,0.79918,0.82456,0.54651,0.65734,234.07463s,9,0.82119,0.86667,0.53061,0.65823,206.12988s,22,1.00000,1.00000,1.00000,1.00000,75.68434s
150,15,15,0.99000,35,0.87295,0.86667,0.75581,0.80745,255.86681s,30,0.87417,0.94118,0.65306,0.77108,223.38152s,27,1.00000,1.00000,1.00000,1.00000,76.23174s
150,15,15,0.89000,4,0.75410,0.79545,0.40698,0.53846,233.16709s,2,0.67550,-nan,0.00000,-nan,204.89197s,10,0.84211,0.80000,0.66667,0.72727,73.87013s
150,15,15,0.95000,5,0.75820,0.65517,0.66279,0.65896,232.67052s,6,0.76159,0.64444,0.59184,0.61702,204.20504s,22,1.00000,1.00000,1.00000,1.00000,75.44227s
150,15,15,0.99000,25,0.85246,0.84722,0.70930,0.77215,254.05286s,23,0.82781,0.81081,0.61224,0.69767,223.81384s,25,1.00000,1.00000,1.00000,1.00000,75.51304s
150,15,18,0.89000,7,0.77869,0.86364,0.44186,0.58462,355.02611s,9,0.77483,0.72727,0.48980,0.58537,311.48710s,23,1.00000,1.00000,1.00000,1.00000,108.92233s
150,15,18,0.95000,24,0.84836,0.85507,0.68605,0.76129,354.45594s,21,0.85430,0.88571,0.63265,0.73810,311.05280s,29,1.00000,1.00000,1.00000,1.00000,108.94110s
150,15,18,0.99000,52,0.88115,0.90141,0.74419,0.81529,371.65138s,40,0.86093,0.86842,0.67347,0.75862,313.71679s,30,1.00000,1.00000,1.00000,1.00000,109.00635s
150,15,18,0.89000,5,0.75820,0.66667,0.62791,0.64671,339.53643s,2,0.67550,-nan,0.00000,-nan,298.95847s,18,0.89474,0.83333,0.83333,0.83333,106.53373s
150,15,18,0.95000,13,0.79918,0.82456,0.54651,0.65734,337.70892s,9,0.82119,0.86667,0.53061,0.65823,296.28826s,22,1.00000,1.00000,1.00000,1.00000,107.12125s
150,15,18,0.99000,35,0.87295,0.86667,0.75581,0.80745,357.57508s,30,0.87417,0.94118,0.65306,0.77108,314.23900s,27,1.00000,1.00000,1.00000,1.00000,108.30186s
150,15,18,0.89000,4,0.75410,0.79545,0.40698,0.53846,339.05672s,2,0.67550,-nan,0.00000,-nan,299.81407s,10,0.84211,0.80000,0.66667,0.72727,107.88544s
150,15,18,0.95000,5,0.75820,0.65517,0.66279,0.65896,335.98311s,6,0.76159,0.64444,0.59184,0.61702,294.53618s,22,1.00000,1.00000,1.00000,1.00000,107.16767s
150,15,18,0.99000,25,0.85246,0.84722,0.70930,0.77215,355.82107s,23,0.82781,0.81081,0.61224,0.69767,313.88807s,25,1.00000,1.00000,1.00000,1.00000,107.73864s
150,20,3,0.89000,7,0.77869,0.86364,0.44186,0.58462,15.23557s,9,0.77483,0.72727,0.48980,0.58537,13.19814s,23,1.00000,1.00000,1.00000,1.00000,7.91763s
150,20,3,0.95000,24,0.84836,0.85507,0.68605,0.76129,22.77479s,20,0.86755,0.87179,0.69388,0.77273,23.37947s,30,1.00000,1.00000,1.00000,1.00000,9.79959s
150,20,3,0.99000,53,0.88115,0.90141,0.74419,0.81529,60.54406s,41,0.86093,0.86842,0.67347,0.75862,38.92027s,30,1.00000,1.00000,1.00000,1.00000,10.08614s
150,20,3,0.89000,5,0.75820,0.66667,0.62791,0.64671,14.14014s,2,0.67550,-nan,0.00000,-nan,11.97188s,18,0.89474,0.83333,0.83333,0.83333,6.65299s
150,20,3,0.95000,13,0.79918,0.82456,0.54651,0.65734,16.67832s,9,0.82119,0.86667,0.53061,0.65823,13.63665s,22,1.00000,1.00000,1.00000,1.00000,9.18197s
150,20,3,0.99000,35,0.87295,0.86667,0.75581,0.80745,46.02610s,30,0.87417,0.94118,0.65306,0.77108,37.92695s,27,1.00000,1.00000,1.00000,1.00000,9.31914s
150,20,3,0.89000,4,0.75410,0.79545,0.40698,0.53846,14.01472s,2,0.67550,-nan,0.00000,-nan,11.70392s,10,0.84211,0.80000,0.66667,0.72727,6.32578s
150,20,3,0.95000,5,0.75820,0.65517,0.66279,0.65896,14.43612s,6,0.76159,0.64444,0.59184,0.61702,12.38727s,22,1.00000,1.00000,1.00000,1.00000,8.62404s
150,20,3,0.99000,25,0.85246,0.84722,0.70930,0.77215,45.57988s,23,0.82781,0.81081,0.61224,0.69767,38.19026s,25,1.00000,1.00000,1.00000,1.00000,9.20301s
150,20,6,0.89000,7,0.77869,0.86364,0.44186,0.58462,52.80519s,9,0.77483,0.72727,0.48980,0.58537,46.23603s,23,1.00000,1.00000,1.00000,1.00000,19.01335s
150,20,6,0.95000,24,0.84836,0.85507,0.68605,0.76129,59.45707s,21,0.85430,0.88571,0.63265,0.73810,53.94282s,30,1.00000,1.00000,1.00000,1.00000,20.74464s
150,20,6,0.99000,53,0.88115,0.90141,0.74419,0.81529,95.41293s,40,0.86093,0.86842,0.67347,0.75862,70.28290s,30,1.00000,1.00000,1.00000,1.00000,21.22294s
150,20,6,0.89000,5,0.75820,0.66667,0.62791,0.64671,49.42579s,2,0.67550,-nan,0.00000,-nan,43.40100s,18,0.89474,0.83333,0.83333,0.83333,17.62178s
150,20,6,0.95000,13,0.79918,0.82456,0.54651,0.65734,51.95773s,9,0.82119,0.86667,0.53061,0.65823,44.66324s,22,1.00000,1.00000,1.00000,1.00000,20.22434s
150,20,6,0.99000,35,0.87295,0.86667,0.75581,0.80745,81.39112s,30,0.87417,0.94118,0.65306,0.77108,69.21204s,27,1.00000,1.00000,1.00000,1.00000,20.30270s
150,20,6,0.89000,4,0.75410,0.79545,0.40698,0.53846,49.09123s,2,0.67550,-nan,0.00000,-nan,43.05175s,10,0.84211,0.80000,0.66667,0.72727,17.19645s
150,20,6,0.95000,5,0.75820,0.65517,0.66279,0.65896,49.80676s,6,0.76159,0.64444,0.59184,0.61702,43.41846s,22,1.00000,1.00000,1.00000,1.00000,19.64089s
150,20,6,0.99000,25,0.85246,0.84722,0.70930,0.77215,80.94245s,23,0.82781,0.81081,0.61224,0.69767,69.57267s,25,1.00000,1.00000,1.00000,1.00000,20.37687s
150,20,9,0.89000,7,0.77869,0.86364,0.44186,0.58462,118.64707s,9,0.77483,0.72727,0.48980,0.58537,103.81336s,23,1.00000,1.00000,1.00000,1.00000,39.03213s
150,20,9,0.95000,24,0.84836,0.85507,0.68605,0.76129,124.01151s,21,0.85430,0.88571,0.63265,0.73810,111.05779s,31,1.00000,1.00000,1.00000,1.00000,40.69223s
150,20,9,0.99000,53,0.88115,0.90141,0.74419,0.81529,157.44624s,40,0.86093,0.86842,0.67347,0.75862,124.54703s,30,1.00000,1.00000,1.00000,1.00000,40.85179s
150,20,9,0.89000,5,0.75820,0.66667,0.62791,0.64671,112.01894s,2,0.67550,-nan,0.00000,-nan,98.91113s,18,0.89474,0.83333,0.83333,0.83333,37.16745s
150,20,9,0.95000,13,0.79918,0.82456,0.54651,0.65734,115.64301s,9,0.82119,0.86667,0.53061,0.65823,100.95147s,22,1.00000,1.00000,1.00000,1.00000,40.18241s
150,20,9,0.99000,35,0.87295,0.86667,0.75581,0.80745,143.54342s,30,0.87417,0.94118,0.65306,0.77108,123.98226s,27,1.00000,1.00000,1.00000,1.00000,40.00607s
150,20,9,0.89000,4,0.75410,0.79545,0.40698,0.53846,112.54945s,2,0.67550,-nan,0.00000,-nan,98.91873s,10,0.84211,0.80000,0.66667,0.72727,36.70458s
150,20,9,0.95000,5,0.75820,0.65517,0.66279,0.65896,112.11360s,6,0.76159,0.64444,0.59184,0.61702,98.26009s,22,1.00000,1.00000,1.00000,1.00000,38.89086s
150,20,9,0.99000,25,0.85246,0.84722,0.70930,0.77215,143.29996s,23,0.82781,0.81081,0.61224,0.69767,124.89093s,25,1.00000,1.00000,1.00000,1.00000,40.32399s
150,20,12,0.89000,7,0.77869,0.86364,0.44186,0.58462,210.35732s,9,0.77483,0.72727,0.48980,0.58537,184.65001s,23,1.00000,1.00000,1.00000,1.00000,66.14199s
150,20,12,0.95000,24,0.84836,0.85507,0.68605,0.76129,214.98795s,21,0.85430,0.88571,0.63265,0.73810,189.54776s,29,1.00000,1.00000,1.00000,1.00000,68.02134s
150,20,12,0.99000,53,0.88115,0.90141,0.74419,0.81529,243.01339s,40,0.86093,0.86842,0.67347,0.75862,199.15309s,30,1.00000,1.00000,1.00000,1.00000,64.59147s
150,20,12,0.89000,5,0.75820,0.66667,0.62791,0.64671,201.79914s,2,0.67550,-nan,0.00000,-nan,178.40933s,18,0.89474,0.83333,0.83333,0.83333,64.40853s
150,20,12,0.95000,13,0.79918,0.82456,0.54651,0.65734,202.26071s,9,0.82119,0.86667,0.53061,0.65823,177.34378s,22,1.00000,1.00000,1.00000,1.00000,66.95484s
150,20,12,0.99000,35,0.87295,0.86667,0.75581,0.80745,231.35679s,30,0.87417,0.94118,0.65306,0.77108,202.35056s,27,1.00000,1.00000,1.00000,1.00000,67.85537s
150,20,12,0.89000,4,0.75410,0.79545,0.40698,0.53846,199.89189s,2,0.67550,-nan,0.00000,-nan,177.46922s,10,0.84211,0.80000,0.66667,0.72727,63.98591s
150,20,12,0.95000,5,0.75820,0.65517,0.66279,0.65896,200.61503s,6,0.76159,0.64444,0.59184,0.61702,177.67792s,22,1.00000,1.00000,1.00000,1.00000,66.89584s
150,20,12,0.99000,25,0.85246,0.84722,0.70930,0.77215,230.80744s,23,0.82781,0.81081,0.61224,0.69767,203.55844s,25,1.00000,1.00000,1.00000,1.00000,67.69482s
150,20,15,0.89000,7,0.77869,0.86364,0.44186,0.58462,332.19119s,9,0.77483,0.72727,0.48980,0.58537,290.73990s,23,1.00000,1.00000,1.00000,1.00000,101.58186s
150,20,15,0.95000,24,0.84836,0.85507,0.68605,0.76129,338.96914s,21,0.85430,0.88571,0.63265,0.73810,298.29170s,29,1.00000,1.00000,1.00000,1.00000,104.12376s
150,20,15,0.99000,52,0.88115,0.90141,0.74419,0.81529,361.10011s,40,0.86093,0.86842,0.67347,0.75862,305.28029s,30,1.00000,1.00000,1.00000,1.00000,104.44778s
150,20,15,0.89000,5,0.75820,0.66667,0.62791,0.64671,319.15589s,2,0.67550,-nan,0.00000,-nan,281.00994s,18,0.89474,0.83333,0.83333,0.83333,100.91970s
150,20,15,0.95000,13,0.79918,0.82456,0.54651,0.65734,316.64081s,9,0.82119,0.86667,0.53061,0.65823,278.25959s,22,1.00000,1.00000,1.00000,1.00000,101.55217s
150,20,15,0.99000,35,0.87295,0.86667,0.75581,0.80745,342.75922s,30,0.87417,0.94118,0.65306,0.77108,300.44532s,27,1.00000,1.00000,1.00000,1.00000,102.67291s
150,20,15,0.89000,4,0.75410,0.79545,0.40698,0.53846,313.69622s,2,0.67550,-nan,0.00000,-nan,276.12383s,10,0.84211,0.80000,0.66667,0.72727,99.16291s
150,20,15,0.95000,5,0.75820,0.65517,0.66279,0.65896,316.60723s,6,0.76159,0.64444,0.59184,0.61702,278.31347s,22,1.00000,1.00000,1.00000,1.00000,102.51735s
150,20,15,0.99000,25,0.85246,0.84722,0.70930,0.77215,347.90366s,23,0.82781,0.81081,0.61224,0.69767,306.59171s,25,1.00000,1.00000,1.00000,1.00000,104.76013s
150,20,18,0.89000,7,0.77869,0.86364,0.44186,0.58462,480.33037s,9,0.77483,0.72727,0.48980,0.58537,421.16546s,23,1.00000,1.00000,1.00000,1.00000,145.76368s
150,20,18,0.95000,24,0.84836,0.85507,0.68605,0.76129,484.44065s,21,0.85430,0.88571,0.63265,0.73810,425.37058s,29,1.00000,1.00000,1.00000,1.00000,148.22636s
150,20,18,0.99000,52,0.88115,0.90141,0.74419,0.81529,499.05716s,40,0.86093,0.86842,0.67347,0.75862,426.95389s,30,1.00000,1.00000,1.00000,1.00000,148.22287s
150,20,18,0.89000,5,0.75820,0.66667,0.62791,0.64671,457.83590s,2,0.67550,-nan,0.00000,-nan,402.71141s,18,0.89474,0.83333,0.83333,0.83333,143.27242s
150,20,18,0.95000,13,0.79918,0.82456,0.54651,0.65734,464.77207s,9,0.82119,0.86667,0.53061,0.65823,408.13559s,22,1.00000,1.00000,1.00000,1.00000,148.79093s
150,20,18,0.99000,35,0.87295,0.86667,0.75581,0.80745,483.85648s,30,0.87417,0.94118,0.65306,0.77108,423.24231s,27,1.00000,1.00000,1.00000,1.00000,146.36946s
150,20,18,0.89000,4,0.75410,0.79545,0.40698,0.53846,438.32662s,2,0.67550,-nan,0.00000,-nan,396.58835s,10,0.84211,0.80000,0.66667,0.72727,142.68058s
150,20,18,0.95000,5,0.75820,0.65517,0.66279,0.65896,456.74970s,6,0.76159,0.64444,0.59184,0.61702,403.86974s,22,1.00000,1.00000,1.00000,1.00000,145.55540s
150,20,18,0.99000,25,0.85246,0.84722,0.70930,0.77215,491.26060s,23,0.82781,0.81081,0.61224,0.69767,433.31905s,25,1.00000,1.00000,1.00000,1.00000,149.60107s
200,10,3,0.89000,7,0.77869,0.86364,0.44186,0.58462,9.78467s,9,0.77483,0.72727,0.48980,0.58537,8.19475s,23,1.00000,1.00000,1.00000,1.00000,5.25337s
200,10,3,0.95000,24,0.84836,0.85507,0.68605,0.76129,14.25172s,27,0.86755,0.87179,0.69388,0.77273,23.88277s,33,1.00000,1.00000,1.00000,1.00000,7.10648s
200,10,3,0.99000,54,0.88115,0.90141,0.74419,0.81529,51.06434s,46,0.89404,0.90244,0.75510,0.82222,30.73152s,30,1.00000,1.00000,1.00000,1.00000,7.21723s
200,10,3,0.89000,5,0.75820,0.66667,0.62791,0.64671,9.07773s,2,0.67550,-nan,0.00000,-nan,7.59931s,16,0.89474,0.83333,0.83333,0.83333,4.29465s
200,10,3,0.95000,13,0.79918,0.82456,0.54651,0.65734,10.59024s,15,0.82781,0.84848,0.57143,0.68293,11.88055s,24,1.00000,1.00000,1.00000,1.00000,6.59089s
200,10,3,0.99000,35,0.87295,0.86667,0.75581,0.80745,36.21776s,30,0.87417,0.94118,0.65306,0.77108,29.68399s,27,1.00000,1.00000,1.00000,1.00000,6.70015s
200,10,3,0.89000,4,0.75410,0.79545,0.40698,0.53846,8.88555s,2,0.67550,-nan,0.00000,-nan,7.63425s,11,0.89474,1.00000,0.66667,0.80000,4.07902s
200,10,3,0.95000,5,0.75820,0.65517,0.66279,0.65896,9.22044s,8,0.78808,0.71795,0.57143,0.63636,8.84199s,19,0.94737,1.00000,0.83333,0.90909,5.57260s
200,10,3,0.99000,26,0.85656,0.86957,0.69767,0.77419,35.43006s,22,0.82781,0.81081,0.61224,0.69767,29.98989s,25,1.00000,1.00000,1.00000,1.00000,6.52971s
200,10,6,0.89000,7,0.77869,0.86364,0.44186,0.58462,33.92569s,9,0.77483,0.72727,0.48980,0.58537,27.57570s,23,1.00000,1.00000,1.00000,1.00000,12.22712s
200,10,6,0.95000,24,0.84836,0.85507,0.68605,0.76129,38.15774s,29,0.86093,0.88889,0.65306,0.75294,43.16805s,30,1.00000,1.00000,1.00000,1.00000,14.78112s
200,10,6,0.99000,53,0.88115,0.90141,0.74419,0.81529,80.94118s,45,0.89404,0.90244,0.75510,0.82222,57.47196s,30,1.00000,1.00000,1.00000,1.00000,15.55629s
200,10,6,0.89000,5,0.75820,0.66667,0.62791,0.64671,34.07065s,2,0.67550,-nan,0.00000,-nan,28.08871s,17,1.00000,1.00000,1.00000,1.00000,11.58845s
200,10,6,0.95000,13,0.79918,0.82456,0.54651,0.65734,36.25360s,15,0.82781,0.84848,0.57143,0.68293,34.87557s,23,1.00000,1.00000,1.00000,1.00000,14.57943s
200,10,6,0.99000,35,0.87295,0.86667,0.75581,0.80745,70.23458s,30,0.87417,0.94118,0.65306,0.77108,58.44086s,27,1.00000,1.00000,1.00000,1.00000,15.02532s
200,10,6,0.89000,4,0.75410,0.79545,0.40698,0.53846,32.99471s,2,0.67550,-nan,0.00000,-nan,27.99119s,11,0.89474,1.00000,0.66667,0.80000,10.13530s
200,10,6,0.95000,5,0.75820,0.65517,0.66279,0.65896,33.97004s,8,0.78808,0.71795,0.57143,0.63636,30.00534s,19,0.94737,1.00000,0.83333,0.90909,12.83349s
200,10,6,0.99000,26,0.85656,0.86957,0.69767,0.77419,65.16427s,22,0.82781,0.81081,0.61224,0.69767,59.44255s,25,1.00000,1.00000,1.00000,1.00000,15.05825s
200,10,9,0.89000,7,0.77869,0.86364,0.44186,0.58462,81.51771s,9,0.77483,0.72727,0.48980,0.58537,63.22176s,23,1.00000,1.00000,1.00000,1.00000,23.96275s
200,10,9,0.95000,24,0.84836,0.85507,0.68605,0.76129,88.69848s,29,0.86093,0.88889,0.65306,0.75294,83.92479s,29,1.00000,1.00000,1.00000,1.00000,27.01656s
200,10,9,0.99000,53,0.88115,0.90141,0.74419,0.81529,128.44571s,45,0.89404,0.90244,0.75510,0.82222,97.57735s,30,1.00000,1.00000,1.00000,1.00000,27.16849s
200,10,9,0.89000,5,0.75820,0.66667,0.62791,0.64671,76.99442s,2,0.67550,-nan,0.00000,-nan,64.59090s,17,1.00000,1.00000,1.00000,1.00000,22.96314s
200,10,9,0.95000,13,0.79918,0.82456,0.54651,0.65734,80.46375s,15,0.82781,0.84848,0.57143,0.68293,68.76910s,23,1.00000,1.00000,1.00000,1.00000,25.83187s
200,10,9,0.99000,35,0.87295,0.86667,0.75581,0.80745,117.61568s,30,0.87417,0.94118,0.65306,0.77108,92.42470s,27,1.00000,1.00000,1.00000,1.00000,26.63252s
200,10,9,0.89000,4,0.75410,0.79545,0.40698,0.53846,75.81658s,2,0.67550,-nan,0.00000,-nan,64.60404s,11,0.89474,1.00000,0.66667,0.80000,22.01045s
200,10,9,0.95000,5,0.75820,0.65517,0.66279,0.65896,72.95325s,8,0.78808,0.71795,0.57143,0.63636,66.56007s,19,0.94737,1.00000,0.83333,0.90909,24.70016s
200,10,9,0.99000,26,0.85656,0.86957,0.69767,0.77419,111.23256s,22,0.82781,0.81081,0.61224,0.69767,93.52873s,25,1.00000,1.00000,1.00000,1.00000,26.41058s
200,10,12,0.89000,7,0.77869,0.86364,0.44186,0.58462,147.64889s,9,0.77483,0.72727,0.48980,0.58537,114.22807s,23,1.00000,1.00000,1.00000,1.00000,39.31619s
200,10,12,0.95000,24,0.84836,0.85507,0.68605,0.76129,150.81261s,29,0.86093,0.88889,0.65306,0.75294,134.26210s,29,1.00000,1.00000,1.00000,1.00000,43.76557s
200,10,12,0.99000,53,0.88115,0.90141,0.74419,0.81529,185.75205s,45,0.89404,0.90244,0.75510,0.82222,147.76439s,30,1.00000,1.00000,1.00000,1.00000,42.81548s
200,10,12,0.89000,5,0.75820,0.66667,0.62791,0.64671,139.83196s,2,0.67550,-nan,0.00000,-nan,119.13745s,17,1.00000,1.00000,1.00000,1.00000,38.01149s
200,10,12,0.95000,13,0.79918,0.82456,0.54651,0.65734,141.56657s,15,0.82781,0.84848,0.57143,0.68293,122.57118s,23,1.00000,1.00000,1.00000,1.00000,43.16183s
200,10,12,0.99000,35,0.87295,0.86667,0.75581,0.80745,177.21357s,30,0.87417,0.94118,0.65306,0.77108,142.36076s,27,1.00000,1.00000,1.00000,1.00000,43.10861s
200,10,12,0.89000,4,0.75410,0.79545,0.40698,0.53846,127.52531s,2,0.67550,-nan,0.00000,-nan,111.50875s,11,0.89474,1.00000,0.66667,0.80000,40.77442s
200,10,12,0.95000,5,0.75820,0.65517,0.66279,0.65896,128.26583s,8,0.78808,0.71795,0.57143,0.63636,113.30463s,19,0.94737,1.00000,0.83333,0.90909,42.52533s
200,10,12,0.99000,26,0.85656,0.86957,0.69767,0.77419,151.82382s,22,0.82781,0.81081,0.61224,0.69767,132.74114s,25,1.00000,1.00000,1.00000,1.00000,43.08897s
200,10,15,0.89000,7,0.77869,0.86364,0.44186,0.58462,210.72006s,9,0.77483,0.72727,0.48980,0.58537,176.03819s,22,1.00000,1.00000,1.00000,1.00000,65.18370s
200,10,15,0.95000,24,0.84836,0.85507,0.68605,0.76129,212.74289s,29,0.86093,0.88889,0.65306,0.75294,189.94071s,29,1.00000,1.00000,1.00000,1.00000,66.40039s
200,10,15,0.99000,52,0.88115,0.90141,0.74419,0.81529,238.86073s,45,0.89404,0.90244,0.75510,0.82222,196.17629s,30,1.00000,1.00000,1.00000,1.00000,65.73352s
200,10,15,0.89000,5,0.75820,0.66667,0.62791,0.64671,197.72999s,2,0.67550,-nan,0.00000,-nan,172.44938s,17,1.00000,1.00000,1.00000,1.00000,62.61656s
200,10,15,0.95000,13,0.79918,0.82456,0.54651,0.65734,200.24735s,15,0.82781,0.84848,0.57143,0.68293,175.86675s,23,1.00000,1.00000,1.00000,1.00000,65.19723s
200,10,15,0.99000,35,0.87295,0.86667,0.75581,0.80745,226.11894s,30,0.87417,0.94118,0.65306,0.77108,197.95018s,27,1.00000,1.00000,1.00000,1.00000,65.89252s
200,10,15,0.89000,4,0.75410,0.79545,0.40698,0.53846,200.02631s,2,0.67550,-nan,0.00000,-nan,175.85364s,11,0.89474,1.00000,0.66667,0.80000,63.34996s
200,10,15,0.95000,5,0.75820,0.65517,0.66279,0.65896,201.31052s,8,0.78808,0.71795,0.57143,0.63636,178.53308s,19,0.94737,1.00000,0.83333,0.90909,65.62465s
200,10,15,0.99000,26,0.85656,0.86957,0.69767,0.77419,225.28356s,22,0.82781,0.81081,0.61224,0.69767,198.40882s,25,1.00000,1.00000,1.00000,1.00000,66.55128s
200,10,18,0.89000,7,0.77869,0.86364,0.44186,0.58462,301.31945s,9,0.77483,0.72727,0.48980,0.58537,251.95025s,23,1.00000,1.00000,1.00000,1.00000,91.12899s
200,10,18,0.95000,24,0.84836,0.85507,0.68605,0.76129,304.87122s,29,0.86093,0.88889,0.65306,0.75294,264.48538s,29,1.00000,1.00000,1.00000,1.00000,93.49198s
200,10,18,0.99000,52,0.88115,0.90141,0.74419,0.81529,327.45220s,45,0.89404,0.90244,0.75510,0.82222,272.31823s,30,1.00000,1.00000,1.00000,1.00000,93.34498s
200,10,18,0.89000,5,0.75820,0.66667,0.62791,0.64671,287.39325s,2,0.67550,-nan,0.00000,-nan,250.03670s,17,1.00000,1.00000,1.00000,1.00000,90.13411s
200,10,18,0.95000,13,0.79918,0.82456,0.54651,0.65734,287.35867s,15,0.82781,0.84848,0.57143,0.68293,254.13474s,23,1.00000,1.00000,1.00000,1.00000,92.36124s
200,10,18,0.99000,35,0.87295,0.86667,0.75581,0.80745,312.08140s,30,0.87417,0.94118,0.65306,0.77108,274.63001s,27,1.00000,1.00000,1.00000,1.00000,93.61751s
200,10,18,0.89000,4,0.75410,0.79545,0.40698,0.53846,285.22765s,2,0.67550,-nan,0.00000,-nan,250.54767s,11,0.89474,1.00000,0.66667,0.80000,90.17010s
200,10,18,0.95000,5,0.75820,0.65517,0.66279,0.65896,282.98890s,8,0.78808,0.71795,0.57143,0.63636,249.69294s,19,0.94737,1.00000,0.83333,0.90909,90.55407s
200,10,18,0.99000,26,0.85656,0.86957,0.69767,0.77419,308.54174s,22,0.82781,0.81081,0.61224,0.69767,273.11357s,25,1.00000,1.00000,1.00000,1.00000,93.04667s
200,15,3,0.89000,7,0.77869,0.86364,0.44186,0.58462,14.81064s,9,0.77483,0.72727,0.48980,0.58537,12.61099s,23,1.00000,1.00000,1.00000,1.00000,7.94101s
200,15,3,0.95000,24,0.84836,0.85507,0.68605,0.76129,22.01431s,27,0.86755,0.87179,0.69388,0.77273,38.73970s,33,1.00000,1.00000,1.00000,1.00000,11.20762s
200,15,3,0.99000,54,0.88115,0.90141,0.74419,0.81529,70.79395s,46,0.89404,0.90244,0.75510,0.82222,46.07972s,30,1.00000,1.00000,1.00000,1.00000,10.87778s
200,15,3,0.89000,5,0.75820,0.66667,0.62791,0.64671,13.94037s,2,0.67550,-nan,0.00000,-nan,11.71276s,16,0.89474,0.83333,0.83333,0.83333,6.59039s
200,15,3,0.95000,13,0.79918,0.82456,0.54651,0.65734,16.19229s,15,0.82781,0.84848,0.57143,0.68293,18.41319s,24,1.00000,1.00000,1.00000,1.00000,9.93363s
200,15,3,0.99000,35,0.87295,0.86667,0.75581,0.80745,55.18741s,30,0.87417,0.94118,0.65306,0.77108,45.16958s,27,1.00000,1.00000,1.00000,1.00000,10.04479s
200,15,3,0.89000,4,0.75410,0.79545,0.40698,0.53846,13.47750s,2,0.67550,-nan,0.00000,-nan,11.58954s,11,0.89474,1.00000,0.66667,0.80000,6.10255s
200,15,3,0.95000,5,0.75820,0.65517,0.66279,0.65896,14.06923s,8,0.78808,0.71795,0.57143,0.63636,13.64896s,19,0.94737,1.00000,0.83333,0.90909,8.55144s
200,15,3,0.99000,26,0.85656,0.86957,0.69767,0.77419,54.24729s,22,0.82781,0.81081,0.61224,0.69767,45.90800s,25,1.00000,1.00000,1.00000,1.00000,10.08757s
200,15,6,0.89000,7,0.77869,0.86364,0.44186,0.58462,50.58097s,9,0.77483,0.72727,0.48980,0.58537,42.14000s,23,1.00000,1.00000,1.00000,1.00000,18.38714s
200,15,6,0.95000,24,0.84836,0.85507,0.68605,0.76129,57.50020s,29,0.86093,0.88889,0.65306,0.75294,64.81102s,30,1.00000,1.00000,1.00000,1.00000,21.42425s
200,15,6,0.99000,53,0.88115,0.90141,0.74419,0.81529,102.76949s,45,0.89404,0.90244,0.75510,0.82222,75.89092s,30,1.00000,1.00000,1.00000,1.00000,21.21725s
200,15,6,0.89000,5,0.75820,0.66667,0.62791,0.64671,48.21225s,2,0.67550,-nan,0.00000,-nan,41.82434s,17,1.00000,1.00000,1.00000,1.00000,17.20449s
200,15,6,0.95000,13,0.79918,0.82456,0.54651,0.65734,50.80229s,15,0.82781,0.84848,0.57143,0.68293,48.71711s,23,1.00000,1.00000,1.00000,1.00000,20.79477s
200,15,6,0.99000,35,0.87295,0.86667,0.75581,0.80745,89.72649s,30,0.87417,0.94118,0.65306,0.77108,75.30691s,27,1.00000,1.00000,1.00000,1.00000,20.94327s
200,15,6,0.89000,4,0.75410,0.79545,0.40698,0.53846,47.58364s,2,0.67550,-nan,0.00000,-nan,41.50811s,11,0.89474,1.00000,0.66667,0.80000,16.72614s
200,15,6,0.95000,5,0.75820,0.65517,0.66279,0.65896,47.85766s,8,0.78808,0.71795,0.57143,0.63636,43.43342s,19,0.94737,1.00000,0.83333,0.90909,19.10771s
200,15,6,0.99000,26,0.85656,0.86957,0.69767,0.77419,88.22924s,22,0.82781,0.81081,0.61224,0.69767,76.46500s,25,1.00000,1.00000,1.00000,1.00000,20.84984s
200,15,9,0.89000,7,0.77869,0.86364,0.44186,0.58462,114.72531s,9,0.77483,0.72727,0.48980,0.58537,95.54986s,23,1.00000,1.00000,1.00000,1.00000,37.63781s
200,15,9,0.95000,24,0.84836,0.85507,0.68605,0.76129,119.62996s,29,0.86093,0.88889,0.65306,0.75294,118.61047s,29,1.00000,1.00000,1.00000,1.00000,39.97745s
200,15,9,0.99000,53,0.88115,0.90141,0.74419,0.81529,162.47012s,45,0.89404,0.90244,0.75510,0.82222,127.92513s,30,1.00000,1.00000,1.00000,1.00000,39.86595s
200,15,9,0.89000,5,0.75820,0.66667,0.62791,0.64671,108.66769s,2,0.67550,-nan,0.00000,-nan,94.69376s,17,1.00000,1.00000,1.00000,1.00000,36.20059s
200,15,9,0.95000,13,0.79918,0.82456,0.54651,0.65734,110.84871s,15,0.82781,0.84848,0.57143,0.68293,101.30750s,23,1.00000,1.00000,1.00000,1.00000,39.41406s
200,15,9,0.99000,35,0.87295,0.86667,0.75581,0.80745,150.16129s,30,0.87417,0.94118,0.65306,0.77108,128.92777s,27,1.00000,1.00000,1.00000,1.00000,39.63025s
200,15,9,0.89000,4,0.75410,0.79545,0.40698,0.53846,109.13198s,2,0.67550,-nan,0.00000,-nan,95.66467s,11,0.89474,1.00000,0.66667,0.80000,35.88042s
200,15,9,0.95000,5,0.75820,0.65517,0.66279,0.65896,109.08217s,8,0.78808,0.71795,0.57143,0.63636,97.28741s,19,0.94737,1.00000,0.83333,0.90909,37.85823s
200,15,9,0.99000,26,0.85656,0.86957,0.69767,0.77419,148.76244s,22,0.82781,0.81081,0.61224,0.69767,129.77224s,25,1.00000,1.00000,1.00000,1.00000,39.65645s
200,15,12,0.89000,7,0.77869,0.86364,0.44186,0.58462,206.33742s,9,0.77483,0.72727,0.48980,0.58537,170.79360s,23,1.00000,1.00000,1.00000,1.00000,64.71666s
200,15,12,0.95000,24,0.84836,0.85507,0.68605,0.76129,213.35828s,29,0.86093,0.88889,0.65306,0.75294,195.81782s,29,1.00000,1.00000,1.00000,1.00000,68.04544s
200,15,12,0.99000,53,0.88115,0.90141,0.74419,0.81529,250.33469s,45,0.89404,0.90244,0.75510,0.82222,206.56772s,30,1.00000,1.00000,1.00000,1.00000,68.16282s
200,15,12,0.89000,5,0.75820,0.66667,0.62791,0.64671,195.15256s,2,0.67550,-nan,0.00000,-nan,169.27066s,17,1.00000,1.00000,1.00000,1.00000,62.38526s
200,15,12,0.95000,13,0.79918,0.82456,0.54651,0.65734,199.63647s,15,0.82781,0.84848,0.57143,0.68293,178.62720s,23,1.00000,1.00000,1.00000,1.00000,67.44679s
200,15,12,0.99000,35,0.87295,0.86667,0.75581,0.80745,237.13273s,30,0.87417,0.94118,0.65306,0.77108,206.20080s,27,1.00000,1.00000,1.00000,1.00000,67.17206s
200,15,12,0.89000,4,0.75410,0.79545,0.40698,0.53846,194.36935s,2,0.67550,-nan,0.00000,-nan,170.35184s,11,0.89474,1.00000,0.66667,0.80000,61.95538s
200,15,12,0.95000,5,0.75820,0.65517,0.66279,0.65896,195.77141s,8,0.78808,0.71795,0.57143,0.63636,173.66684s,19,0.94737,1.00000,0.83333,0.90909,64.84496s
200,15,12,0.99000,26,0.85656,0.86957,0.69767,0.77419,236.94340s,22,0.82781,0.81081,0.61224,0.69767,208.29386s,25,1.00000,1.00000,1.00000,1.00000,67.71979s
200,15,15,0.89000,7,0.77869,0.86364,0.44186,0.58462,326.44879s,9,0.77483,0.72727,0.48980,0.58537,272.43865s,22,1.00000,1.00000,1.00000,1.00000,101.31231s
200,15,15,0.95000,24,0.84836,0.85507,0.68605,0.76129,330.20193s,29,0.86093,0.88889,0.65306,0.75294,296.37329s,29,1.00000,1.00000,1.00000,1.00000,104.19336s
200,15,15,0.99000,52,0.88115,0.90141,0.74419,0.81529,360.88653s,45,0.89404,0.90244,0.75510,0.82222,304.42011s,30,1.00000,1.00000,1.00000,1.00000,103.18762s
200,15,15,0.89000,5,0.75820,0.66667,0.62791,0.64671,309.09925s,2,0.67550,-nan,0.00000,-nan,269.78254s,17,1.00000,1.00000,1.00000,1.00000,98.02429s
200,15,15,0.95000,13,0.79918,0.82456,0.54651,0.65734,307.53947s,15,0.82781,0.84848,0.57143,0.68293,274.17723s,23,1.00000,1.00000,1.00000,1.00000,99.24547s
200,15,15,0.99000,35,0.87295,0.86667,0.75581,0.80745,349.19416s,30,0.87417,0.94118,0.65306,0.77108,304.68214s,27,1.00000,1.00000,1.00000,1.00000,101.82041s
200,15,15,0.89000,4,0.75410,0.79545,0.40698,0.53846,306.22334s,2,0.67550,-nan,0.00000,-nan,268.72654s,11,0.89474,1.00000,0.66667,0.80000,96.67364s
200,15,15,0.95000,5,0.75820,0.65517,0.66279,0.65896,314.16930s,8,0.78808,0.71795,0.57143,0.63636,278.63877s,19,0.94737,1.00000,0.83333,0.90909,102.71167s
200,15,15,0.99000,26,0.85656,0.86957,0.69767,0.77419,350.16809s,22,0.82781,0.81081,0.61224,0.69767,308.81803s,25,1.00000,1.00000,1.00000,1.00000,103.77461s
200,15,18,0.89000,7,0.77869,0.86364,0.44186,0.58462,468.71202s,9,0.77483,0.72727,0.48980,0.58537,390.75063s,23,1.00000,1.00000,1.00000,1.00000,142.69820s
200,15,18,0.95000,24,0.84836,0.85507,0.68605,0.76129,469.87306s,29,0.86093,0.88889,0.65306,0.75294,410.27297s,29,1.00000,1.00000,1.00000,1.00000,143.56652s
200,15,18,0.99000,52,0.88115,0.90141,0.74419,0.81529,500.81346s,45,0.89404,0.90244,0.75510,0.82222,428.33789s,30,1.00000,1.00000,1.00000,1.00000,147.40312s
200,15,18,0.89000,5,0.75820,0.66667,0.62791,0.64671,449.05204s,2,0.67550,-nan,0.00000,-nan,392.46030s,17,1.00000,1.00000,1.00000,1.00000,141.41209s
200,15,18,0.95000,13,0.79918,0.82456,0.54651,0.65734,454.75231s,15,0.82781,0.84848,0.57143,0.68293,396.43700s,23,1.00000,1.00000,1.00000,1.00000,144.42063s
200,15,18,0.99000,35,0.87295,0.86667,0.75581,0.80745,485.65724s,30,0.87417,0.94118,0.65306,0.77108,425.14592s,27,1.00000,1.00000,1.00000,1.00000,144.62388s
200,15,18,0.89000,4,0.75410,0.79545,0.40698,0.53846,444.92766s,2,0.67550,-nan,0.00000,-nan,390.68581s,11,0.89474,1.00000,0.66667,0.80000,139.07092s
200,15,18,0.95000,5,0.75820,0.65517,0.66279,0.65896,445.41453s,8,0.78808,0.71795,0.57143,0.63636,392.47006s,19,0.94737,1.00000,0.83333,0.90909,143.19903s
200,15,18,0.99000,26,0.85656,0.86957,0.69767,0.77419,481.90187s,22,0.82781,0.81081,0.61224,0.69767,425.70672s,25,1.00000,1.00000,1.00000,1.00000,143.80362s
200,20,3,0.89000,7,0.77869,0.86364,0.44186,0.58462,20.13456s,9,0.77483,0.72727,0.48980,0.58537,17.08518s,23,1.00000,1.00000,1.00000,1.00000,10.84332s
200,20,3,0.95000,24,0.84836,0.85507,0.68605,0.76129,29.81505s,27,0.86755,0.87179,0.69388,0.77273,53.33191s,33,1.00000,1.00000,1.00000,1.00000,14.82601s
200,20,3,0.99000,54,0.88115,0.90141,0.74419,0.81529,90.00436s,46,0.89404,0.90244,0.75510,0.82222,62.23991s,30,1.00000,1.00000,1.00000,1.00000,15.02652s
200,20,3,0.89000,5,0.75820,0.66667,0.62791,0.64671,18.91631s,2,0.67550,-nan,0.00000,-nan,15.83265s,16,0.89474,0.83333,0.83333,0.83333,8.92428s
200,20,3,0.95000,13,0.79918,0.82456,0.54651,0.65734,22.09397s,15,0.82781,0.84848,0.57143,0.68293,25.47068s,24,1.00000,1.00000,1.00000,1.00000,13.79342s
200,20,3,0.99000,35,0.87295,0.86667,0.75581,0.80745,75.61200s,30,0.87417,0.94118,0.65306,0.77108,61.94361s,27,1.00000,1.00000,1.00000,1.00000,13.81541s
200,20,3,0.89000,4,0.75410,0.79545,0.40698,0.53846,18.46901s,2,0.67550,-nan,0.00000,-nan,15.91441s,11,0.89474,1.00000,0.66667,0.80000,8.47599s
200,20,3,0.95000,5,0.75820,0.65517,0.66279,0.65896,19.05280s,8,0.78808,0.71795,0.57143,0.63636,18.45811s,19,0.94737,1.00000,0.83333,0.90909,11.62041s
200,20,3,0.99000,26,0.85656,0.86957,0.69767,0.77419,74.41151s,22,0.82781,0.81081,0.61224,0.69767,62.94022s,25,1.00000,1.00000,1.00000,1.00000,13.96216s
200,20,6,0.89000,7,0.77869,0.86364,0.44186,0.58462,70.14516s,9,0.77483,0.72727,0.48980,0.58537,58.78547s,23,1.00000,1.00000,1.00000,1.00000,25.79302s
200,20,6,0.95000,24,0.84836,0.85507,0.68605,0.76129,79.50598s,29,0.86093,0.88889,0.65306,0.75294,88.73067s,30,1.00000,1.00000,1.00000,1.00000,29.61283s
200,20,6,0.99000,53,0.88115,0.90141,0.74419,0.81529,136.62635s,45,0.89404,0.90244,0.75510,0.82222,104.42237s,30,1.00000,1.00000,1.00000,1.00000,29.72475s
200,20,6,0.89000,5,0.75820,0.66667,0.62791,0.64671,66.49412s,2,0.67550,-nan,0.00000,-nan,57.45979s,17,1.00000,1.00000,1.00000,1.00000,23.78243s
200,20,6,0.95000,13,0.79918,0.82456,0.54651,0.65734,69.12042s,15,0.82781,0.84848,0.57143,0.68293,66.70684s,23,1.00000,1.00000,1.00000,1.00000,28.54153s
200,20,6,0.99000,35,0.87295,0.86667,0.75581,0.80745,123.50137s,30,0.87417,0.94118,0.65306,0.77108,104.13406s,27,1.00000,1.00000,1.00000,1.00000,28.60140s
200,20,6,0.89000,4,0.75410,0.79545,0.40698,0.53846,65.82345s,2,0.67550,-nan,0.00000,-nan,57.57383s,11,0.89474,1.00000,0.66667,0.80000,23.27532s
200,20,6,0.95000,5,0.75820,0.65517,0.66279,0.65896,66.69574s,8,0.78808,0.71795,0.57143,0.63636,60.46112s,19,0.94737,1.00000,0.83333,0.90909,26.64510s
200,20,6,0.99000,26,0.85656,0.86957,0.69767,0.77419,121.18086s,22,0.82781,0.81081,0.61224,0.69767,104.34111s,25,1.00000,1.00000,1.00000,1.00000,28.50474s
200,20,9,0.89000,7,0.77869,0.86364,0.44186,0.58462,154.90247s,9,0.77483,0.72727,0.48980,0.58537,128.68641s,23,1.00000,1.00000,1.00000,1.00000,50.69369s
200,20,9,0.95000,24,0.84836,0.85507,0.68605,0.76129,164.41181s,29,0.86093,0.88889,0.65306,0.75294,163.27340s,29,1.00000,1.00000,1.00000,1.00000,55.15784s
200,20,9,0.99000,53,0.88115,0.90141,0.74419,0.81529,219.85787s,45,0.89404,0.90244,0.75510,0.82222,177.04258s,30,1.00000,1.00000,1.00000,1.00000,55.77732s
200,20,9,0.89000,5,0.75820,0.66667,0.62791,0.64671,148.37982s,2,0.67550,-nan,0.00000,-nan,128.75341s,17,1.00000,1.00000,1.00000,1.00000,48.61517s
200,20,9,0.95000,13,0.79918,0.82456,0.54651,0.65734,152.75535s,15,0.82781,0.84848,0.57143,0.68293,139.43786s,23,1.00000,1.00000,1.00000,1.00000,54.37228s
200,20,9,0.99000,35,0.87295,0.86667,0.75581,0.80745,205.11988s,30,0.87417,0.94118,0.65306,0.77108,176.04589s,27,1.00000,1.00000,1.00000,1.00000,54.35336s
200,20,9,0.89000,4,0.75410,0.79545,0.40698,0.53846,148.56718s,2,0.67550,-nan,0.00000,-nan,129.57951s,11,0.89474,1.00000,0.66667,0.80000,48.58904s
200,20,9,0.95000,5,0.75820,0.65517,0.66279,0.65896,151.52949s,8,0.78808,0.71795,0.57143,0.63636,134.66764s,19,0.94737,1.00000,0.83333,0.90909,53.13252s
200,20,9,0.99000,26,0.85656,0.86957,0.69767,0.77419,203.00918s,22,0.82781,0.81081,0.61224,0.69767,176.94724s,25,1.00000,1.00000,1.00000,1.00000,53.99502s
200,20,12,0.89000,7,0.77869,0.86364,0.44186,0.58462,280.51270s,9,0.77483,0.72727,0.48980,0.58537,234.62514s,23,1.00000,1.00000,1.00000,1.00000,89.25323s
200,20,12,0.95000,24,0.84836,0.85507,0.68605,0.76129,287.59609s,29,0.86093,0.88889,0.65306,0.75294,266.77435s,29,1.00000,1.00000,1.00000,1.00000,92.55362s
200,20,12,0.99000,53,0.88115,0.90141,0.74419,0.81529,338.20559s,45,0.89404,0.90244,0.75510,0.82222,282.30194s,30,1.00000,1.00000,1.00000,1.00000,93.85050s
200,20,12,0.89000,5,0.75820,0.66667,0.62791,0.64671,268.95428s,2,0.67550,-nan,0.00000,-nan,233.27259s,17,1.00000,1.00000,1.00000,1.00000,85.97451s
200,20,12,0.95000,13,0.79918,0.82456,0.54651,0.65734,273.63214s,15,0.82781,0.84848,0.57143,0.68293,245.69591s,23,1.00000,1.00000,1.00000,1.00000,92.38390s
200,20,12,0.99000,35,0.87295,0.86667,0.75581,0.80745,323.07232s,30,0.87417,0.94118,0.65306,0.77108,281.64169s,27,1.00000,1.00000,1.00000,1.00000,90.60847s
200,20,12,0.89000,4,0.75410,0.79545,0.40698,0.53846,266.39002s,2,0.67550,-nan,0.00000,-nan,234.42604s,11,0.89474,1.00000,0.66667,0.80000,85.77690s
200,20,12,0.95000,5,0.75820,0.65517,0.66279,0.65896,252.55908s,8,0.78808,0.71795,0.57143,0.63636,231.34719s,19,0.94737,1.00000,0.83333,0.90909,83.59206s
200,20,12,0.99000,26,0.85656,0.86957,0.69767,0.77419,322.41017s,22,0.82781,0.81081,0.61224,0.69767,283.59246s,25,1.00000,1.00000,1.00000,1.00000,92.19042s
200,20,15,0.89000,7,0.77869,0.86364,0.44186,0.58462,442.64700s,9,0.77483,0.72727,0.48980,0.58537,368.89962s,22,1.00000,1.00000,1.00000,1.00000,136.55384s
200,20,15,0.95000,24,0.84836,0.85507,0.68605,0.76129,447.69329s,29,0.86093,0.88889,0.65306,0.75294,400.61044s,29,1.00000,1.00000,1.00000,1.00000,138.01037s
200,20,15,0.99000,52,0.88115,0.90141,0.74419,0.81529,490.19810s,45,0.89404,0.90244,0.75510,0.82222,416.41440s,30,1.00000,1.00000,1.00000,1.00000,140.79321s
200,20,15,0.89000,5,0.75820,0.66667,0.62791,0.64671,425.20337s,2,0.67550,-nan,0.00000,-nan,371.08708s,17,1.00000,1.00000,1.00000,1.00000,135.19504s
200,20,15,0.95000,13,0.79918,0.82456,0.54651,0.65734,426.55300s,15,0.82781,0.84848,0.57143,0.68293,377.83375s,23,1.00000,1.00000,1.00000,1.00000,139.68237s
200,20,15,0.99000,35,0.87295,0.86667,0.75581,0.80745,477.24951s,30,0.87417,0.94118,0.65306,0.77108,414.98851s,27,1.00000,1.00000,1.00000,1.00000,139.16196s
200,20,15,0.89000,4,0.75410,0.79545,0.40698,0.53846,418.91056s,2,0.67550,-nan,0.00000,-nan,366.39116s,11,0.89474,1.00000,0.66667,0.80000,131.80108s
200,20,15,0.95000,5,0.75820,0.65517,0.66279,0.65896,423.32815s,8,0.78808,0.71795,0.57143,0.63636,372.87487s,19,0.94737,1.00000,0.83333,0.90909,137.69550s
200,20,15,0.99000,26,0.85656,0.86957,0.69767,0.77419,473.36957s,22,0.82781,0.81081,0.61224,0.69767,415.19775s,25,1.00000,1.00000,1.00000,1.00000,138.48778s
200,20,18,0.89000,7,0.77869,0.86364,0.44186,0.58462,637.64553s,9,0.77483,0.72727,0.48980,0.58537,527.66084s,23,1.00000,1.00000,1.00000,1.00000,192.89246s
200,20,18,0.95000,24,0.84836,0.85507,0.68605,0.76129,647.00497s,29,0.86093,0.88889,0.65306,0.75294,567.59448s,29,1.00000,1.00000,1.00000,1.00000,199.81779s
200,20,18,0.99000,52,0.88115,0.90141,0.74419,0.81529,658.53803s,45,0.89404,0.90244,0.75510,0.82222,576.25216s,30,1.00000,1.00000,1.00000,1.00000,197.25198s
200,20,18,0.89000,5,0.75820,0.66667,0.62791,0.64671,611.66994s,2,0.67550,-nan,0.00000,-nan,534.37164s,17,1.00000,1.00000,1.00000,1.00000,192.39905s
200,20,18,0.95000,13,0.79918,0.82456,0.54651,0.65734,612.81176s,15,0.82781,0.84848,0.57143,0.68293,541.52017s,23,1.00000,1.00000,1.00000,1.00000,196.64773s
200,20,18,0.99000,35,0.87295,0.86667,0.75581,0.80745,662.94254s,30,0.87417,0.94118,0.65306,0.77108,579.54134s,27,1.00000,1.00000,1.00000,1.00000,198.42877s
200,20,18,0.89000,4,0.75410,0.79545,0.40698,0.53846,611.20099s,2,0.67550,-nan,0.00000,-nan,538.09148s,11,0.89474,1.00000,0.66667,0.80000,193.43140s
200,20,18,0.95000,5,0.75820,0.65517,0.66279,0.65896,610.65743s,8,0.78808,0.71795,0.57143,0.63636,538.20202s,19,0.94737,1.00000,0.83333,0.90909,196.60719s
200,20,18,0.99000,26,0.85656,0.86957,0.69767,0.77419,661.23207s,22,0.82781,0.81081,0.61224,0.69767,580.07826s,25,1.00000,1.00000,1.00000,1.00000,193.79086s
