Q,I,K,lambda,C,#1num_cols,#1r2-score,#1time,#2num_cols,#2r2-score,#2time,#3num_cols,#3r2-score,#3time
100,10,3,0.00000,0.90000,15,0.33401,2.81883s,22,0.65715,4.13656s,25,1.00000,1.44026s
100,10,3,0.00000,0.95000,30,0.39466,5.24779s,27,0.66047,4.19397s,26,1.00000,1.45156s
100,10,3,0.00000,0.99000,32,0.39851,5.65263s,31,0.66776,4.43673s,25,1.00000,1.46912s
100,10,3,0.20000,0.90000,7,0.30124,2.53141s,20,0.58153,3.83432s,27,0.98319,1.35681s
100,10,3,0.20000,0.95000,14,0.33395,4.38267s,26,0.64144,4.12657s,26,0.98335,1.38300s
100,10,3,0.20000,0.99000,30,0.39225,5.38112s,26,0.64081,4.25990s,25,0.98838,1.38562s
100,10,3,0.50000,0.90000,5,0.28082,2.34095s,13,0.53562,3.16995s,15,0.85847,1.35453s
100,10,3,0.50000,0.95000,7,0.29837,2.84081s,20,0.58445,4.09518s,20,0.95248,1.38978s
100,10,3,0.50000,0.99000,22,0.38447,5.29440s,22,0.60717,4.24303s,34,0.96505,1.47603s
100,10,6,0.00000,0.90000,16,0.35700,9.32584s,21,0.60594,8.96893s,25,1.00000,4.00711s
100,10,6,0.00000,0.95000,29,0.39238,10.81072s,28,0.66265,9.04165s,26,1.00000,3.94878s
100,10,6,0.00000,0.99000,31,0.39518,10.95563s,30,0.66577,9.09804s,25,1.00000,3.93804s
100,10,6,0.20000,0.90000,8,0.31842,8.32489s,17,0.57769,8.67868s,33,0.98838,3.84088s
100,10,6,0.20000,0.95000,24,0.38947,10.71369s,22,0.64077,9.21174s,29,0.98838,3.86507s
100,10,6,0.20000,0.99000,29,0.39373,10.96120s,24,0.64090,9.38731s,25,0.98838,3.98459s
100,10,6,0.50000,0.90000,5,0.28082,7.95140s,13,0.53562,7.71025s,17,0.86207,3.80479s
100,10,6,0.50000,0.95000,8,0.31643,9.32618s,22,0.54153,8.90572s,23,0.97194,3.89258s
100,10,6,0.50000,0.99000,23,0.38656,10.83848s,25,0.60429,9.02728s,28,0.92663,3.90042s
100,10,9,0.00000,0.90000,16,0.35700,19.26115s,21,0.61586,17.22727s,25,1.00000,8.32388s
100,10,9,0.00000,0.95000,29,0.39276,20.47756s,27,0.66264,17.26539s,26,1.00000,8.20005s
100,10,9,0.00000,0.99000,32,0.39851,21.46001s,30,0.66577,17.57633s,25,1.00000,8.38764s
100,10,9,0.20000,0.90000,8,0.31842,17.96140s,20,0.58476,17.08841s,32,0.98838,8.17998s
100,10,9,0.20000,0.95000,22,0.38025,20.32963s,22,0.64126,17.38275s,34,0.98839,8.03261s
100,10,9,0.20000,0.99000,29,0.39373,20.76972s,27,0.64083,17.28484s,24,0.98838,8.24867s
100,10,9,0.50000,0.90000,5,0.28082,17.75429s,13,0.53562,16.05007s,17,0.88172,8.10619s
100,10,9,0.50000,0.95000,8,0.31643,19.01627s,21,0.59340,17.08741s,23,0.97194,8.11336s
100,10,9,0.50000,0.99000,21,0.37891,20.70013s,23,0.60209,17.39997s,30,0.97194,8.26220s
100,10,12,0.00000,0.90000,16,0.35700,33.70034s,24,0.65794,29.00557s,25,1.00000,14.46498s
100,10,12,0.00000,0.95000,29,0.39215,34.45177s,26,0.66247,29.05633s,26,1.00000,14.43037s
100,10,12,0.00000,0.99000,32,0.39851,34.71857s,30,0.66577,29.46012s,25,1.00000,14.43161s
100,10,12,0.20000,0.90000,8,0.31842,32.15563s,19,0.57851,29.35479s,35,0.98838,14.72374s
100,10,12,0.20000,0.95000,20,0.38030,34.21214s,20,0.64018,29.23682s,31,0.98350,14.28356s
100,10,12,0.20000,0.99000,27,0.37253,34.33603s,25,0.64096,29.09415s,24,0.98838,14.29859s
100,10,12,0.50000,0.90000,5,0.28082,32.36410s,15,0.53810,28.36703s,16,0.82874,14.75752s
100,10,12,0.50000,0.95000,8,0.31643,33.12976s,20,0.58549,29.11401s,22,0.95960,14.60743s
100,10,12,0.50000,0.99000,22,0.37892,34.86451s,23,0.60209,29.52192s,33,0.96491,14.62186s
100,10,15,0.00000,0.90000,16,0.35700,52.36846s,24,0.66231,44.07992s,25,1.00000,22.43982s
100,10,15,0.00000,0.95000,29,0.39462,53.07898s,28,0.66265,44.92060s,26,1.00000,22.90724s
100,10,15,0.00000,0.99000,32,0.39851,52.36212s,30,0.66577,44.27123s,25,1.00000,22.30395s
100,10,15,0.20000,0.90000,8,0.31842,50.47488s,18,0.57984,44.37411s,29,0.98837,22.75633s
100,10,15,0.20000,0.95000,23,0.38014,52.24268s,19,0.59710,44.06632s,28,0.98335,22.44167s
100,10,15,0.20000,0.99000,28,0.37253,52.92273s,27,0.64216,44.80558s,28,0.98839,22.69364s
100,10,15,0.50000,0.90000,5,0.28082,50.35910s,15,0.53810,43.86730s,17,0.88172,22.91074s
100,10,15,0.50000,0.95000,8,0.31643,51.15313s,20,0.55198,44.94351s,22,0.97176,22.81366s
100,10,15,0.50000,0.99000,22,0.38399,52.51052s,25,0.60949,44.82379s,32,0.96505,22.77619s
100,10,18,0.00000,0.90000,16,0.35700,75.67780s,20,0.59744,63.70792s,25,1.00000,32.81501s
100,10,18,0.00000,0.95000,30,0.39489,74.99522s,28,0.66264,63.24799s,26,1.00000,32.40449s
100,10,18,0.00000,0.99000,31,0.39518,74.57362s,30,0.66577,63.63467s,25,1.00000,32.66605s
100,10,18,0.20000,0.90000,8,0.31842,72.66262s,20,0.58473,63.22390s,33,0.98335,32.77855s
100,10,18,0.20000,0.95000,21,0.38069,74.09579s,20,0.64010,63.28271s,34,0.98839,32.53318s
100,10,18,0.20000,0.99000,28,0.39373,75.02601s,24,0.64093,64.12937s,26,0.98838,32.78341s
100,10,18,0.50000,0.90000,5,0.28082,73.21590s,15,0.53810,62.75234s,16,0.82874,32.52268s
100,10,18,0.50000,0.95000,8,0.31643,73.81540s,21,0.54297,63.64178s,22,0.95874,32.74085s
100,10,18,0.50000,0.99000,27,0.38424,75.49410s,26,0.60248,64.23503s,31,0.96505,33.08920s
100,15,3,0.00000,0.90000,15,0.33401,4.31917s,22,0.65715,6.49335s,25,1.00000,2.23806s
100,15,3,0.00000,0.95000,30,0.39489,8.19848s,29,0.66272,6.53973s,26,1.00000,2.26013s
100,15,3,0.00000,0.99000,32,0.39851,8.41398s,31,0.66577,6.77703s,25,1.00000,2.26281s
100,15,3,0.20000,0.90000,7,0.30124,3.89715s,20,0.58153,6.17937s,27,0.98319,2.11688s
100,15,3,0.20000,0.95000,14,0.33395,6.84646s,24,0.64085,6.62549s,26,0.98335,2.15355s
100,15,3,0.20000,0.99000,30,0.39225,8.50309s,27,0.64104,6.63939s,25,0.98838,2.17993s
100,15,3,0.50000,0.90000,5,0.28082,3.62128s,13,0.53562,5.06993s,15,0.85847,2.14285s
100,15,3,0.50000,0.95000,7,0.29837,4.43136s,20,0.58445,6.44695s,20,0.95248,2.17562s
100,15,3,0.50000,0.99000,22,0.38447,8.20023s,22,0.60717,6.58088s,34,0.96505,2.28620s
100,15,6,0.00000,0.90000,16,0.35700,14.38483s,21,0.60623,13.95876s,25,1.00000,6.15193s
100,15,6,0.00000,0.95000,30,0.39466,17.04722s,29,0.66265,14.02343s,26,1.00000,6.24142s
100,15,6,0.00000,0.99000,32,0.39851,17.17901s,31,0.66776,14.13998s,25,1.00000,6.14895s
100,15,6,0.20000,0.90000,8,0.31842,13.07114s,17,0.57769,13.90161s,33,0.98838,6.16831s
100,15,6,0.20000,0.95000,25,0.37168,16.94698s,22,0.64077,14.03327s,29,0.98838,6.02522s
100,15,6,0.20000,0.99000,30,0.39440,17.06079s,25,0.64091,14.38345s,25,0.98838,5.98866s
100,15,6,0.50000,0.90000,5,0.28082,12.42320s,13,0.53562,12.11029s,17,0.86207,5.96127s
100,15,6,0.50000,0.95000,8,0.31643,14.59592s,22,0.54153,13.88136s,23,0.97191,6.12213s
100,15,6,0.50000,0.99000,24,0.38003,16.82001s,25,0.60429,13.96845s,29,0.97203,6.01455s
100,15,9,0.00000,0.90000,16,0.35700,30.15057s,21,0.61586,27.04794s,25,1.00000,13.08734s
100,15,9,0.00000,0.95000,31,0.39629,32.08540s,27,0.66264,27.06151s,26,1.00000,12.91462s
100,15,9,0.00000,0.99000,32,0.39851,32.24012s,30,0.66577,27.04110s,25,1.00000,12.93831s
100,15,9,0.20000,0.90000,8,0.31842,28.32016s,20,0.58476,26.85161s,32,0.98838,12.96998s
100,15,9,0.20000,0.95000,22,0.38089,31.63689s,22,0.64126,26.99776s,34,0.98839,12.75493s
100,15,9,0.20000,0.99000,30,0.39440,31.89147s,27,0.64083,26.92781s,29,0.98838,12.92282s
100,15,9,0.50000,0.90000,5,0.28082,27.56362s,13,0.53562,25.09605s,17,0.88172,12.74458s
100,15,9,0.50000,0.95000,8,0.31643,29.78689s,21,0.59340,26.82975s,23,0.97194,12.80799s
100,15,9,0.50000,0.99000,25,0.38439,32.07588s,23,0.60209,27.18013s,30,0.97194,12.95751s
100,15,12,0.00000,0.90000,16,0.35700,52.45821s,24,0.65794,45.38063s,25,1.00000,22.57722s
100,15,12,0.00000,0.95000,30,0.39386,53.75950s,29,0.66265,45.28059s,26,1.00000,22.45585s
100,15,12,0.00000,0.99000,32,0.39851,53.93106s,31,0.66776,45.54654s,25,1.00000,22.64377s
100,15,12,0.20000,0.90000,8,0.31842,50.32194s,19,0.57851,45.49636s,35,0.98838,22.51067s
100,15,12,0.20000,0.95000,20,0.38030,53.22317s,20,0.64018,45.53214s,31,0.98350,22.38473s
100,15,12,0.20000,0.99000,27,0.37253,53.80017s,25,0.64096,45.39210s,25,0.98839,22.60661s
100,15,12,0.50000,0.90000,5,0.28082,49.05915s,15,0.53810,43.56842s,16,0.82874,22.45488s
100,15,12,0.50000,0.95000,8,0.31643,51.93182s,20,0.58549,45.59636s,22,0.95960,22.82153s
100,15,12,0.50000,0.99000,22,0.37892,54.28347s,23,0.60209,45.99458s,33,0.96491,21.72196s
100,15,15,0.00000,0.90000,16,0.35700,81.74098s,22,0.61103,70.11876s,25,1.00000,35.75199s
100,15,15,0.00000,0.95000,29,0.39126,81.44733s,27,0.66264,69.07264s,26,1.00000,34.85368s
100,15,15,0.00000,0.99000,32,0.39851,81.26881s,31,0.66776,69.45852s,25,1.00000,34.86241s
100,15,15,0.20000,0.90000,8,0.31842,76.22134s,18,0.57984,68.87702s,29,0.98837,33.32491s
100,15,15,0.20000,0.95000,23,0.38014,82.08008s,21,0.59716,69.54880s,28,0.98335,35.25049s
100,15,15,0.20000,0.99000,28,0.37253,81.92523s,24,0.64093,69.28977s,28,0.98839,34.53493s
100,15,15,0.50000,0.90000,5,0.28082,77.84925s,15,0.53810,68.06109s,17,0.88172,35.44411s
100,15,15,0.50000,0.95000,8,0.31643,79.36538s,20,0.55198,69.14257s,22,0.97176,35.20198s
100,15,15,0.50000,0.99000,24,0.38717,82.57034s,25,0.60949,70.15770s,31,0.96505,35.58505s
100,15,18,0.00000,0.90000,16,0.35700,117.70676s,19,0.59826,98.99052s,25,1.00000,50.69846s
100,15,18,0.00000,0.95000,28,0.39220,116.76863s,29,0.66265,98.95779s,26,1.00000,51.25929s
100,15,18,0.00000,0.99000,32,0.39851,117.51557s,31,0.66776,100.30499s,25,1.00000,51.86811s
100,15,18,0.20000,0.90000,8,0.31842,113.35634s,20,0.58473,98.10568s,33,0.98335,50.03693s
100,15,18,0.20000,0.95000,25,0.37990,117.39947s,20,0.64010,99.91945s,34,0.98839,50.75053s
100,15,18,0.20000,0.99000,28,0.39373,116.39816s,24,0.64081,98.62536s,26,0.98838,49.85287s
100,15,18,0.50000,0.90000,5,0.28082,113.68551s,15,0.53810,98.45759s,16,0.82874,50.82671s
100,15,18,0.50000,0.95000,8,0.31643,113.76997s,21,0.54297,97.72482s,22,0.95874,49.99289s
100,15,18,0.50000,0.99000,27,0.38424,116.64192s,26,0.60248,99.22664s,30,0.96420,50.58639s
100,20,3,0.00000,0.90000,15,0.33401,5.81728s,22,0.65715,8.83230s,25,1.00000,3.06859s
100,20,3,0.00000,0.95000,30,0.39466,10.99540s,29,0.66272,8.86206s,26,1.00000,3.09200s
100,20,3,0.00000,0.99000,32,0.39851,11.51808s,31,0.66776,9.28956s,25,1.00000,3.08420s
100,20,3,0.20000,0.90000,7,0.30124,5.33626s,20,0.58153,8.43613s,27,0.98319,2.87829s
100,20,3,0.20000,0.95000,14,0.33395,9.77968s,24,0.64085,8.85080s,26,0.98335,2.91955s
100,20,3,0.20000,0.99000,30,0.39225,11.15307s,27,0.64104,9.14200s,25,0.98838,2.92905s
100,20,3,0.50000,0.90000,5,0.28082,4.79488s,13,0.53562,6.89512s,15,0.85847,2.88020s
100,20,3,0.50000,0.95000,7,0.29837,5.96452s,20,0.58445,8.66420s,20,0.95248,2.92388s
100,20,3,0.50000,0.99000,22,0.38447,10.96570s,22,0.60717,8.92576s,34,0.96505,3.00608s
100,20,6,0.00000,0.90000,16,0.35700,19.62410s,21,0.60623,19.08529s,25,1.00000,8.41621s
100,20,6,0.00000,0.95000,30,0.39466,23.14840s,29,0.66265,19.03522s,26,1.00000,8.37261s
100,20,6,0.00000,0.99000,34,0.40083,22.90739s,31,0.66577,19.05951s,25,1.00000,8.19666s
100,20,6,0.20000,0.90000,8,0.31842,17.75763s,17,0.57769,18.80593s,33,0.98838,8.54310s
100,20,6,0.20000,0.95000,25,0.37168,22.57518s,22,0.64077,18.88766s,29,0.98838,7.89151s
100,20,6,0.20000,0.99000,30,0.39440,22.83477s,25,0.64091,19.01423s,25,0.98838,8.10821s
100,20,6,0.50000,0.90000,5,0.28082,16.92540s,13,0.53562,16.62136s,17,0.86207,8.10966s
100,20,6,0.50000,0.95000,8,0.31643,19.78212s,22,0.54153,18.77446s,23,0.97191,8.16403s
100,20,6,0.50000,0.99000,24,0.38003,22.93605s,25,0.60429,19.12989s,29,0.97203,8.18591s
100,20,9,0.00000,0.90000,16,0.35700,40.74878s,21,0.61586,36.65625s,25,1.00000,17.75037s
100,20,9,0.00000,0.95000,30,0.39624,43.46319s,27,0.66264,36.45218s,26,1.00000,17.53802s
100,20,9,0.00000,0.99000,32,0.39851,43.57179s,31,0.66776,36.75180s,25,1.00000,17.57492s
100,20,9,0.20000,0.90000,8,0.31842,38.32376s,20,0.58476,35.93248s,32,0.98838,17.39844s
100,20,9,0.20000,0.95000,22,0.38089,42.95413s,22,0.64126,36.23361s,34,0.98839,17.44489s
100,20,9,0.20000,0.99000,30,0.39440,44.02023s,27,0.64083,36.68906s,29,0.98838,17.67672s
100,20,9,0.50000,0.90000,5,0.28082,37.70761s,13,0.53562,34.43333s,17,0.88172,17.66993s
100,20,9,0.50000,0.95000,8,0.31643,40.68319s,21,0.59340,36.62825s,23,0.97194,17.74336s
100,20,9,0.50000,0.99000,25,0.38439,43.12289s,23,0.60209,36.34035s,30,0.97194,17.29638s
100,20,12,0.00000,0.90000,16,0.35700,71.40646s,24,0.65794,61.53792s,25,1.00000,30.92030s
100,20,12,0.00000,0.95000,30,0.39629,72.43769s,28,0.66265,61.11852s,26,1.00000,30.56812s
100,20,12,0.00000,0.99000,32,0.39851,73.36040s,31,0.66776,62.15846s,25,1.00000,31.03888s
100,20,12,0.20000,0.90000,8,0.31842,67.60944s,19,0.57851,61.05547s,35,0.98838,30.45583s
100,20,12,0.20000,0.95000,20,0.38030,72.49138s,20,0.64018,61.88955s,31,0.98350,30.64954s
100,20,12,0.20000,0.99000,27,0.37253,72.40278s,25,0.64096,61.21802s,25,0.98839,30.05684s
100,20,12,0.50000,0.90000,5,0.28082,66.97227s,15,0.53810,59.58041s,16,0.82874,30.87291s
100,20,12,0.50000,0.95000,8,0.31643,70.16588s,20,0.58549,62.09627s,22,0.95960,30.97717s
100,20,12,0.50000,0.99000,22,0.37892,73.31061s,23,0.60209,62.43180s,33,0.96491,31.14619s
100,20,15,0.00000,0.90000,16,0.35700,110.37767s,22,0.61103,93.72559s,25,1.00000,47.63859s
100,20,15,0.00000,0.95000,28,0.39220,110.16530s,27,0.66264,93.25901s,26,1.00000,47.79102s
100,20,15,0.00000,0.99000,32,0.39851,110.81461s,31,0.66776,94.23623s,25,1.00000,47.71934s
100,20,15,0.20000,0.90000,8,0.31842,105.63811s,18,0.57984,93.19017s,29,0.98837,47.36630s
100,20,15,0.20000,0.95000,23,0.38014,110.13520s,21,0.59716,93.43648s,28,0.98335,47.33497s
100,20,15,0.20000,0.99000,28,0.37253,111.53183s,24,0.64093,94.35578s,28,0.98839,47.65646s
100,20,15,0.50000,0.90000,5,0.28082,106.10535s,15,0.53810,92.52389s,17,0.88172,48.28364s
100,20,15,0.50000,0.95000,8,0.31643,109.13294s,20,0.55198,94.80104s,22,0.97176,47.92069s
100,20,15,0.50000,0.99000,21,0.37891,111.18662s,25,0.60949,94.54125s,31,0.96505,47.66389s
100,20,18,0.00000,0.90000,16,0.35700,158.34802s,19,0.59826,134.38205s,25,1.00000,68.96709s
100,20,18,0.00000,0.95000,28,0.39220,158.12296s,29,0.66265,134.48128s,26,1.00000,68.60040s
100,20,18,0.00000,0.99000,32,0.39851,158.27284s,31,0.66776,134.77702s,25,1.00000,69.36222s
100,20,18,0.20000,0.90000,8,0.31842,154.11734s,20,0.58473,134.19325s,33,0.98335,68.84262s
100,20,18,0.20000,0.95000,25,0.37990,157.00254s,20,0.64010,134.26953s,34,0.98839,68.42315s
100,20,18,0.20000,0.99000,28,0.39373,157.41922s,24,0.64081,133.90426s,26,0.98838,67.94605s
100,20,18,0.50000,0.90000,5,0.28082,153.14593s,15,0.53810,133.20716s,16,0.82874,69.78344s
100,20,18,0.50000,0.95000,8,0.31643,153.69056s,21,0.54297,132.85985s,22,0.95874,67.96763s
100,20,18,0.50000,0.99000,27,0.38424,157.52975s,26,0.60248,135.07267s,30,0.96420,69.31044s
150,10,3,0.00000,0.90000,15,0.33401,4.12512s,27,0.65820,7.92420s,25,1.00000,2.37617s
150,10,3,0.00000,0.95000,29,0.39126,9.60852s,30,0.66962,8.20616s,26,1.00000,2.38813s
150,10,3,0.00000,0.99000,33,0.39895,10.56881s,33,0.67018,8.58455s,25,1.00000,2.49642s
150,10,3,0.20000,0.90000,7,0.30124,3.85370s,19,0.59342,6.47243s,21,0.97205,2.31346s
150,10,3,0.20000,0.95000,14,0.33395,6.35404s,26,0.64147,8.29578s,28,0.98818,2.26416s
150,10,3,0.20000,0.99000,30,0.39302,10.32174s,30,0.65305,8.31304s,31,0.98839,2.34387s
150,10,3,0.50000,0.90000,5,0.28082,3.43775s,11,0.53190,5.32031s,16,0.89086,2.22648s
150,10,3,0.50000,0.95000,7,0.29837,4.27112s,24,0.58435,8.13045s,20,0.94867,2.31806s
150,10,3,0.50000,0.99000,23,0.38162,10.05146s,23,0.60709,8.19697s,35,0.97203,2.48712s
150,10,6,0.00000,0.90000,16,0.35700,13.86894s,21,0.61336,15.05850s,25,1.00000,6.12456s
150,10,6,0.00000,0.95000,31,0.39629,18.73070s,29,0.66272,15.34971s,26,1.00000,6.18305s
150,10,6,0.00000,0.99000,32,0.39540,18.77174s,33,0.67018,15.62118s,25,1.00000,6.23998s
150,10,6,0.20000,0.90000,8,0.31842,12.47724s,19,0.59342,14.13310s,26,0.98838,5.81035s
150,10,6,0.20000,0.95000,23,0.38131,17.62272s,23,0.64156,15.42534s,30,0.98839,5.93733s
150,10,6,0.20000,0.99000,29,0.37352,18.60654s,26,0.65141,15.51077s,26,0.98838,5.94763s
150,10,6,0.50000,0.90000,5,0.28082,11.90140s,11,0.53190,12.20751s,17,0.88011,5.94940s
150,10,6,0.50000,0.95000,8,0.31643,13.96422s,22,0.54261,15.24972s,21,0.93384,6.06912s
150,10,6,0.50000,0.99000,24,0.38717,18.52223s,23,0.60947,15.48342s,30,0.97203,6.08770s
150,10,9,0.00000,0.90000,16,0.35700,29.31143s,23,0.60289,28.21482s,25,1.00000,12.80747s
150,10,9,0.00000,0.95000,31,0.39629,33.08460s,28,0.66272,27.81654s,26,1.00000,12.68237s
150,10,9,0.00000,0.99000,33,0.39895,33.40737s,33,0.67018,28.04695s,25,1.00000,12.68935s
150,10,9,0.20000,0.90000,8,0.31842,27.28177s,20,0.58016,27.13860s,31,0.98838,12.61094s
150,10,9,0.20000,0.95000,22,0.38452,32.11543s,20,0.64023,27.83620s,33,0.98838,12.66860s
150,10,9,0.20000,0.99000,29,0.39373,33.23935s,30,0.65336,27.92795s,27,0.98838,12.60526s
150,10,9,0.50000,0.90000,5,0.28082,26.63979s,12,0.53535,24.67731s,17,0.88011,12.51971s
150,10,9,0.50000,0.95000,8,0.31643,28.74144s,23,0.54300,27.88202s,21,0.93384,12.74433s
150,10,9,0.50000,0.99000,26,0.38718,33.01962s,23,0.60208,27.87454s,37,0.97203,12.68882s
150,10,12,0.00000,0.90000,16,0.35700,51.16534s,26,0.65814,45.78524s,25,1.00000,22.03806s
150,10,12,0.00000,0.95000,30,0.39489,54.76714s,29,0.66272,46.20502s,26,1.00000,22.38834s
150,10,12,0.00000,0.99000,33,0.39895,54.26998s,33,0.67018,45.86693s,25,1.00000,22.10227s
150,10,12,0.20000,0.90000,8,0.31842,48.23463s,20,0.59292,44.74578s,33,0.98838,22.00224s
150,10,12,0.20000,0.95000,22,0.38372,52.95171s,22,0.64147,45.74465s,33,0.98838,21.96577s
150,10,12,0.20000,0.99000,28,0.39373,54.17593s,29,0.65326,45.56588s,31,0.98838,21.72642s
150,10,12,0.50000,0.90000,5,0.28082,47.47313s,11,0.53190,42.64946s,17,0.88011,21.80231s
150,10,12,0.50000,0.95000,8,0.31643,50.19373s,22,0.54276,46.30577s,21,0.93388,22.37192s
150,10,12,0.50000,0.99000,25,0.38718,54.04654s,26,0.60985,45.60097s,34,0.97203,22.11277s
150,10,15,0.00000,0.90000,16,0.35700,79.35231s,22,0.65793,69.34892s,25,1.00000,34.84622s
150,10,15,0.00000,0.95000,30,0.39508,78.30501s,30,0.66277,68.34700s,26,1.00000,33.99410s
150,10,15,0.00000,0.99000,32,0.39540,82.42918s,33,0.67018,70.03563s,25,1.00000,35.04914s
150,10,15,0.20000,0.90000,8,0.31842,75.93910s,20,0.59292,68.01250s,35,0.98839,34.04619s
150,10,15,0.20000,0.95000,22,0.37677,80.07691s,22,0.64135,68.46844s,30,0.98838,33.65397s
150,10,15,0.20000,0.99000,29,0.39440,80.30783s,29,0.65334,68.63202s,27,0.98838,33.61806s
150,10,15,0.50000,0.90000,5,0.28082,75.18271s,11,0.53190,66.08783s,17,0.88011,34.05696s
150,10,15,0.50000,0.95000,8,0.31643,77.28471s,21,0.54253,69.32091s,21,0.93384,34.67501s
150,10,15,0.50000,0.99000,23,0.38438,81.16212s,24,0.60972,69.08216s,28,0.97194,34.11015s
150,10,18,0.00000,0.90000,16,0.35700,114.09709s,22,0.61593,98.24399s,25,1.00000,49.86503s
150,10,18,0.00000,0.95000,31,0.39629,115.82180s,29,0.66272,98.29110s,26,1.00000,50.10859s
150,10,18,0.00000,0.99000,33,0.39895,114.50275s,33,0.67018,97.61820s,25,1.00000,49.39368s
150,10,18,0.20000,0.90000,8,0.31842,109.13518s,20,0.59292,96.24643s,33,0.98838,48.80908s
150,10,18,0.20000,0.95000,23,0.38022,114.03945s,23,0.64156,97.71581s,35,0.98838,49.63530s
150,10,18,0.20000,0.99000,29,0.39373,114.43178s,28,0.65309,97.22896s,27,0.98838,48.93391s
150,10,18,0.50000,0.90000,5,0.28082,108.61665s,11,0.53190,94.77852s,17,0.88011,49.42874s
150,10,18,0.50000,0.95000,8,0.31643,110.89817s,18,0.54065,97.68211s,22,0.97176,48.84441s
150,10,18,0.50000,0.99000,26,0.38717,112.83464s,23,0.60209,96.84622s,33,0.97203,48.85182s
150,15,3,0.00000,0.90000,15,0.33401,6.44510s,27,0.65820,12.70398s,25,1.00000,3.74679s
150,15,3,0.00000,0.95000,33,0.39863,15.48367s,30,0.66962,12.95876s,26,1.00000,3.72167s
150,15,3,0.00000,0.99000,34,0.40083,16.47889s,33,0.67018,13.17214s,25,1.00000,3.85561s
150,15,3,0.20000,0.90000,7,0.30124,5.92741s,19,0.59342,10.17762s,28,0.98838,3.57242s
150,15,3,0.20000,0.95000,14,0.33395,10.29977s,26,0.64147,12.98661s,28,0.98818,3.79804s
150,15,3,0.20000,0.99000,30,0.39302,16.00437s,32,0.65400,13.20813s,30,0.98839,3.79379s
150,15,3,0.50000,0.90000,5,0.28082,5.29751s,11,0.53190,8.40484s,16,0.89086,3.47898s
150,15,3,0.50000,0.95000,7,0.29837,6.52483s,24,0.58435,12.65193s,20,0.94867,3.58336s
150,15,3,0.50000,0.99000,23,0.38162,15.63645s,23,0.60709,12.78247s,35,0.92702,4.02670s
150,15,6,0.00000,0.90000,16,0.35700,21.82440s,21,0.61336,23.84306s,25,1.00000,9.61900s
150,15,6,0.00000,0.95000,31,0.39466,29.04291s,29,0.66272,24.07337s,26,1.00000,9.71451s
150,15,6,0.00000,0.99000,34,0.40083,29.16055s,33,0.67018,24.06985s,25,1.00000,9.52091s
150,15,6,0.20000,0.90000,8,0.31842,19.36389s,19,0.59342,22.44157s,35,0.98838,9.40404s
150,15,6,0.20000,0.95000,26,0.38065,28.03719s,25,0.64147,24.00557s,30,0.98839,9.44043s
150,15,6,0.20000,0.99000,29,0.37352,28.72118s,28,0.65308,23.86100s,26,0.98838,9.45344s
150,15,6,0.50000,0.90000,5,0.28082,18.76387s,11,0.53190,19.20202s,17,0.88011,9.41004s
150,15,6,0.50000,0.95000,8,0.31643,21.66235s,22,0.54261,24.06904s,20,0.93388,9.43066s
150,15,6,0.50000,0.99000,23,0.38076,28.67567s,25,0.60944,23.81359s,30,0.97203,9.50885s
150,15,9,0.00000,0.90000,16,0.35700,45.33069s,23,0.60289,43.39742s,25,1.00000,19.91135s
150,15,9,0.00000,0.95000,32,0.39629,51.64316s,30,0.66265,43.27456s,26,1.00000,19.81539s
150,15,9,0.00000,0.99000,34,0.40083,51.87878s,33,0.67018,43.85289s,25,1.00000,19.84405s
150,15,9,0.20000,0.90000,8,0.31842,42.48521s,22,0.58148,42.93565s,31,0.98838,19.74939s
150,15,9,0.20000,0.95000,25,0.38641,51.06356s,20,0.64039,43.42380s,33,0.98838,19.55386s
150,15,9,0.20000,0.99000,30,0.39440,51.40094s,30,0.65326,43.30741s,27,0.98838,19.46780s
150,15,9,0.50000,0.90000,5,0.28082,41.69792s,12,0.53535,38.81904s,17,0.88011,19.69575s
150,15,9,0.50000,0.95000,8,0.31643,45.03958s,23,0.54300,43.56418s,21,0.93384,20.01668s
150,15,9,0.50000,0.99000,23,0.38656,51.56629s,25,0.60947,43.43506s,37,0.97203,19.84148s
150,15,12,0.00000,0.90000,16,0.35700,78.41675s,25,0.65804,70.34836s,25,1.00000,34.14891s
150,15,12,0.00000,0.95000,31,0.39629,84.36296s,29,0.66272,71.52885s,26,1.00000,34.60834s
150,15,12,0.00000,0.99000,33,0.39895,84.37423s,33,0.67018,71.52399s,25,1.00000,34.74463s
150,15,12,0.20000,0.90000,8,0.31842,75.30076s,20,0.59292,69.79647s,33,0.98838,34.11467s
150,15,12,0.20000,0.95000,26,0.38902,83.40086s,21,0.64126,71.56258s,33,0.98838,34.28494s
150,15,12,0.20000,0.99000,28,0.39373,84.09755s,28,0.65394,70.67085s,31,0.98838,33.91852s
150,15,12,0.50000,0.90000,5,0.28082,74.30341s,11,0.53190,66.78007s,17,0.88011,34.17688s
150,15,12,0.50000,0.95000,8,0.31643,77.36006s,22,0.54276,71.16571s,20,0.93388,34.39079s
150,15,12,0.50000,0.99000,23,0.37893,83.70825s,28,0.61071,70.98928s,39,0.97203,34.50744s
150,15,15,0.00000,0.90000,16,0.35700,123.54911s,22,0.65715,107.29665s,25,1.00000,53.98591s
150,15,15,0.00000,0.95000,29,0.39423,125.58644s,30,0.66272,107.28545s,26,1.00000,53.05572s
150,15,15,0.00000,0.99000,34,0.40083,126.36062s,33,0.67018,107.18144s,25,1.00000,53.13096s
150,15,15,0.20000,0.90000,8,0.31842,117.84485s,20,0.59292,106.19720s,35,0.98839,53.34796s
150,15,15,0.20000,0.95000,27,0.39395,124.81936s,22,0.64135,106.42264s,30,0.98838,52.41304s
150,15,15,0.20000,0.99000,29,0.39440,125.58371s,31,0.65326,106.94285s,27,0.98838,52.94383s
150,15,15,0.50000,0.90000,5,0.28082,116.89547s,11,0.53190,103.05752s,17,0.88011,53.41558s
150,15,15,0.50000,0.95000,8,0.31643,119.64741s,21,0.54253,105.14979s,22,0.94345,50.19106s
150,15,15,0.50000,0.99000,25,0.38718,125.59388s,25,0.60894,106.85650s,32,0.97194,53.30545s
150,15,18,0.00000,0.90000,16,0.35700,177.76294s,22,0.61593,151.40962s,25,1.00000,77.30231s
150,15,18,0.00000,0.95000,29,0.39238,179.10694s,29,0.66343,152.12344s,26,1.00000,77.27957s
150,15,18,0.00000,0.99000,33,0.39895,180.21370s,33,0.67018,152.51826s,25,1.00000,77.85695s
150,15,18,0.20000,0.90000,8,0.31842,170.60046s,20,0.59292,150.97068s,33,0.98838,76.92504s
150,15,18,0.20000,0.95000,25,0.38627,177.84259s,19,0.58434,151.75776s,35,0.98838,76.77381s
150,15,18,0.20000,0.99000,29,0.39373,178.38939s,28,0.65330,152.07213s,27,0.98838,76.50489s
150,15,18,0.50000,0.90000,5,0.28082,169.69388s,11,0.53190,148.14328s,17,0.88011,76.71857s
150,15,18,0.50000,0.95000,8,0.31643,173.66206s,18,0.54065,153.43718s,22,0.97176,78.02656s
150,15,18,0.50000,0.99000,23,0.38400,176.88381s,26,0.61115,150.62460s,33,0.97203,76.21244s
150,20,3,0.00000,0.90000,15,0.33401,8.66905s,27,0.65820,17.31992s,25,1.00000,5.03185s
150,20,3,0.00000,0.95000,30,0.39466,20.89404s,31,0.66836,17.33946s,26,1.00000,5.06147s
150,20,3,0.00000,0.99000,34,0.40083,21.65904s,33,0.67018,17.78202s,25,1.00000,5.21358s
150,20,3,0.20000,0.90000,7,0.30124,8.01657s,19,0.59342,13.73374s,29,0.98335,4.82950s
150,20,3,0.20000,0.95000,14,0.33395,14.21844s,26,0.64147,17.42356s,28,0.98818,4.85232s
150,20,3,0.20000,0.99000,30,0.39302,21.62334s,30,0.65366,17.34075s,30,0.98839,4.86250s
150,20,3,0.50000,0.90000,5,0.28082,7.18289s,11,0.53190,11.51217s,16,0.89086,4.74079s
150,20,3,0.50000,0.95000,7,0.29837,8.91486s,24,0.58435,17.32372s,20,0.94867,4.87257s
150,20,3,0.50000,0.99000,23,0.38162,21.47826s,23,0.60709,17.30052s,35,0.92702,5.05522s
150,20,6,0.00000,0.90000,16,0.35700,29.89398s,21,0.61336,32.49973s,25,1.00000,13.18251s
150,20,6,0.00000,0.95000,31,0.39466,39.06305s,29,0.66272,32.58609s,26,1.00000,12.91156s
150,20,6,0.00000,0.99000,33,0.39895,39.45243s,33,0.67018,32.79454s,25,1.00000,13.16991s
150,20,6,0.20000,0.90000,8,0.31842,26.57604s,19,0.59342,30.57076s,35,0.98838,12.82841s
150,20,6,0.20000,0.95000,26,0.38979,38.12314s,21,0.64135,32.23812s,30,0.98839,12.79764s
150,20,6,0.20000,0.99000,29,0.37352,38.99831s,28,0.65308,32.52609s,26,0.98838,12.94178s
150,20,6,0.50000,0.90000,5,0.28082,25.21296s,11,0.53190,26.07453s,17,0.88011,12.65951s
150,20,6,0.50000,0.95000,8,0.31643,29.84452s,22,0.54261,32.60388s,21,0.93388,12.89549s
150,20,6,0.50000,0.99000,23,0.38076,39.00732s,25,0.60944,32.65889s,30,0.97203,12.95598s
150,20,9,0.00000,0.90000,16,0.35700,61.56562s,23,0.60289,59.05807s,25,1.00000,27.16729s
150,20,9,0.00000,0.95000,30,0.39508,69.89231s,30,0.66272,58.61894s,26,1.00000,26.62675s
150,20,9,0.00000,0.99000,34,0.40083,69.95773s,33,0.67018,59.08346s,25,1.00000,26.98383s
150,20,9,0.20000,0.90000,8,0.31842,57.39213s,22,0.58148,58.25202s,31,0.98838,26.57089s
150,20,9,0.20000,0.95000,28,0.39123,69.29912s,22,0.64130,58.87266s,33,0.98838,26.26473s
150,20,9,0.20000,0.99000,30,0.39440,70.12660s,30,0.65326,59.16426s,27,0.98838,25.10195s
150,20,9,0.50000,0.90000,5,0.28082,56.20851s,12,0.53535,52.40715s,17,0.88011,26.66317s
150,20,9,0.50000,0.95000,8,0.31643,60.93077s,23,0.54300,59.05009s,21,0.93384,26.67859s
150,20,9,0.50000,0.99000,23,0.38656,69.56302s,25,0.60947,58.91686s,37,0.97203,26.83142s
150,20,12,0.00000,0.90000,16,0.35700,107.42713s,25,0.65804,96.07939s,25,1.00000,46.62115s
150,20,12,0.00000,0.95000,31,0.39629,114.26876s,29,0.66272,96.83262s,26,1.00000,46.98537s
150,20,12,0.00000,0.99000,34,0.40083,114.35530s,33,0.67018,96.86063s,25,1.00000,47.02133s
150,20,12,0.20000,0.90000,8,0.31842,102.24226s,20,0.59292,95.08960s,33,0.98838,46.91260s
150,20,12,0.20000,0.95000,23,0.38260,113.69178s,23,0.64147,96.92807s,33,0.98838,46.68820s
150,20,12,0.20000,0.99000,28,0.39373,112.99392s,27,0.65279,95.41167s,31,0.98838,45.78459s
150,20,12,0.50000,0.90000,5,0.28082,100.54006s,11,0.53190,90.27308s,17,0.88011,46.61508s
150,20,12,0.50000,0.95000,8,0.31643,104.95358s,22,0.54276,96.69865s,21,0.93388,46.63013s
150,20,12,0.50000,0.99000,23,0.37893,114.05062s,28,0.61071,96.87251s,39,0.97203,46.89400s
150,20,15,0.00000,0.90000,16,0.35700,165.83496s,22,0.65715,144.89921s,25,1.00000,72.52078s
150,20,15,0.00000,0.95000,31,0.39629,170.61378s,31,0.66357,144.95023s,26,1.00000,71.98333s
150,20,15,0.00000,0.99000,35,0.40083,168.89735s,33,0.67018,144.69036s,25,1.00000,72.37606s
150,20,15,0.20000,0.90000,8,0.31842,159.92701s,20,0.59292,144.75329s,35,0.98839,72.44161s
150,20,15,0.20000,0.95000,26,0.38881,170.23000s,22,0.64064,146.09605s,30,0.98838,72.00512s
150,20,15,0.20000,0.99000,29,0.39440,171.00342s,29,0.65310,145.37182s,27,0.98838,72.34299s
150,20,15,0.50000,0.90000,5,0.28082,158.13271s,11,0.53190,139.49140s,17,0.88011,72.30667s
150,20,15,0.50000,0.95000,8,0.31643,164.39399s,21,0.54253,146.92652s,22,0.94345,72.80402s
150,20,15,0.50000,0.99000,25,0.38718,169.60299s,25,0.60894,144.56353s,32,0.97194,72.22865s
150,20,18,0.00000,0.90000,16,0.35700,240.53577s,22,0.61593,204.80666s,25,1.00000,104.22222s
150,20,18,0.00000,0.95000,33,0.39726,241.59102s,31,0.66272,205.25649s,26,1.00000,104.17007s
150,20,18,0.00000,0.99000,34,0.40083,241.35617s,33,0.67018,204.66975s,25,1.00000,104.16432s
150,20,18,0.20000,0.90000,8,0.31842,230.87594s,20,0.59292,204.59003s,33,0.98838,103.38949s
150,20,18,0.20000,0.95000,25,0.36859,239.81473s,20,0.58434,205.73214s,35,0.98838,103.74866s
150,20,18,0.20000,0.99000,29,0.39373,239.25576s,28,0.65330,204.37556s,27,0.98838,102.35559s
150,20,18,0.50000,0.90000,5,0.28082,228.77865s,11,0.53190,199.62432s,17,0.88011,103.24589s
150,20,18,0.50000,0.95000,8,0.31643,235.37670s,18,0.54065,207.16585s,22,0.97176,105.24493s
150,20,18,0.50000,0.99000,23,0.38400,242.38133s,26,0.61115,206.39218s,33,0.97203,104.69639s
200,10,3,0.00000,0.90000,15,0.33401,5.57466s,23,0.61593,13.03990s,25,1.00000,3.50048s
200,10,3,0.00000,0.95000,30,0.39466,15.23345s,31,0.66962,13.42197s,26,1.00000,3.54122s
200,10,3,0.00000,0.99000,35,0.40104,17.21235s,34,0.67223,13.89030s,26,1.00000,3.69520s
200,10,3,0.20000,0.90000,7,0.30124,5.03671s,22,0.59897,9.80430s,22,0.97673,3.35007s
200,10,3,0.20000,0.95000,14,0.33395,8.82568s,25,0.64148,13.97656s,35,0.98335,3.51460s
200,10,3,0.20000,0.99000,30,0.39302,16.71810s,31,0.65349,13.44557s,28,0.98839,3.38971s
200,10,3,0.50000,0.90000,5,0.28082,4.52551s,13,0.53821,7.21969s,18,0.94074,3.16134s
200,10,3,0.50000,0.95000,7,0.29837,5.67234s,25,0.59683,13.29005s,21,0.95338,3.39989s
200,10,3,0.50000,0.99000,26,0.39066,16.70600s,25,0.61172,13.54695s,36,0.92681,3.48060s
200,10,6,0.00000,0.90000,16,0.35700,18.72136s,26,0.65811,22.93618s,25,1.00000,8.62009s
200,10,6,0.00000,0.95000,30,0.39508,27.35987s,30,0.66962,22.98159s,26,1.00000,8.57220s
200,10,6,0.00000,0.99000,35,0.40104,28.36526s,34,0.67223,23.16693s,26,1.00000,8.63119s
200,10,6,0.20000,0.90000,8,0.31842,16.75498s,22,0.59828,20.60391s,34,0.98839,8.44708s
200,10,6,0.20000,0.95000,16,0.35719,24.59639s,25,0.64148,23.27054s,36,0.98838,8.39520s
200,10,6,0.20000,0.99000,30,0.39352,28.23104s,27,0.65279,23.99988s,30,0.98839,8.51050s
200,10,6,0.50000,0.90000,5,0.28082,16.04922s,13,0.53536,16.72270s,19,0.90055,8.22110s
200,10,6,0.50000,0.95000,8,0.31643,18.54344s,24,0.54296,22.80840s,24,0.97203,8.41775s
200,10,6,0.50000,0.99000,24,0.38579,27.56826s,28,0.61159,22.98988s,35,0.97203,8.52788s
200,10,9,0.00000,0.90000,16,0.35700,39.21847s,25,0.65808,39.82214s,25,1.00000,17.44210s
200,10,9,0.00000,0.95000,30,0.39337,46.92522s,29,0.66272,39.59726s,26,1.00000,17.34376s
200,10,9,0.00000,0.99000,35,0.40104,47.97498s,34,0.67223,40.08016s,26,1.00000,17.57838s
200,10,9,0.20000,0.90000,8,0.31842,36.45393s,22,0.59828,37.10144s,37,0.98839,17.32020s
200,10,9,0.20000,0.95000,16,0.35719,44.29983s,23,0.58678,39.83230s,36,0.98839,17.25684s
200,10,9,0.20000,0.99000,30,0.39440,47.39160s,28,0.65111,39.74925s,29,0.98839,17.01301s
200,10,9,0.50000,0.90000,5,0.28082,35.20058s,13,0.53536,33.14271s,19,0.90055,16.75064s
200,10,9,0.50000,0.95000,8,0.31643,37.75628s,20,0.55139,39.13383s,24,0.97203,17.04203s
200,10,9,0.50000,0.99000,22,0.37930,47.45719s,28,0.61128,39.96935s,31,0.97203,17.47574s
200,10,12,0.00000,0.90000,16,0.35700,67.76849s,27,0.65797,63.00084s,25,1.00000,29.66253s
200,10,12,0.00000,0.95000,30,0.39466,75.08187s,29,0.66272,63.66317s,26,1.00000,30.00985s
200,10,12,0.00000,0.99000,35,0.40104,75.47677s,34,0.67223,63.48329s,26,1.00000,30.04019s
200,10,12,0.20000,0.90000,8,0.31842,64.03643s,22,0.59828,61.21234s,36,0.98832,29.33626s
200,10,12,0.20000,0.95000,16,0.35719,72.37683s,21,0.58639,63.69158s,32,0.98838,29.92984s
200,10,12,0.20000,0.99000,30,0.39352,75.17364s,28,0.65371,63.39695s,28,0.98838,29.81534s
200,10,12,0.50000,0.90000,5,0.28082,64.24615s,12,0.53535,58.22826s,18,0.92529,29.83436s
200,10,12,0.50000,0.95000,8,0.31643,66.14100s,25,0.54362,63.41221s,23,0.97201,29.74535s
200,10,12,0.50000,0.99000,24,0.38594,74.65838s,29,0.61122,63.01517s,36,0.97203,29.53030s
200,10,15,0.00000,0.90000,16,0.35700,106.12005s,26,0.65795,94.34545s,25,1.00000,46.16284s
200,10,15,0.00000,0.95000,31,0.39629,111.38724s,29,0.66272,94.47471s,26,1.00000,46.11493s
200,10,15,0.00000,0.99000,35,0.40104,112.16658s,34,0.67223,94.64889s,26,1.00000,46.27123s
200,10,15,0.20000,0.90000,8,0.31842,101.47472s,22,0.59828,92.61795s,32,0.98838,46.59798s
200,10,15,0.20000,0.95000,16,0.35719,107.69473s,22,0.58667,93.80966s,38,0.98839,45.26993s
200,10,15,0.20000,0.99000,31,0.39411,111.00794s,29,0.65349,94.36578s,31,0.98838,45.81782s
200,10,15,0.50000,0.90000,5,0.28082,100.59794s,12,0.53535,89.51355s,18,0.92529,45.95931s
200,10,15,0.50000,0.95000,8,0.31643,102.24371s,23,0.54344,94.04499s,24,0.97203,45.73104s
200,10,15,0.50000,0.99000,26,0.38707,111.51046s,29,0.61194,94.69648s,36,0.97203,46.39166s
200,10,18,0.00000,0.90000,16,0.35700,152.54839s,27,0.65819,132.60543s,25,1.00000,66.57986s
200,10,18,0.00000,0.95000,31,0.39629,155.63562s,30,0.66272,132.41604s,26,1.00000,66.04233s
200,10,18,0.00000,0.99000,35,0.40104,157.14137s,34,0.67223,133.63145s,26,1.00000,67.07031s
200,10,18,0.20000,0.90000,8,0.31842,145.57658s,22,0.59828,129.86212s,35,0.98839,65.72502s
200,10,18,0.20000,0.95000,16,0.35719,151.44957s,20,0.64077,131.12868s,34,0.98839,64.72243s
200,10,18,0.20000,0.99000,30,0.39440,156.89445s,29,0.65349,132.70754s,28,0.98839,65.47200s
200,10,18,0.50000,0.90000,5,0.28082,144.83248s,12,0.53535,126.93919s,18,0.92529,65.30363s
200,10,18,0.50000,0.95000,8,0.31643,148.59305s,24,0.54309,133.49741s,24,0.97203,66.47579s
200,10,18,0.50000,0.99000,21,0.37891,155.80267s,25,0.60717,132.86486s,38,0.97203,66.04642s
200,15,3,0.00000,0.90000,15,0.33401,8.70515s,23,0.61593,20.63578s,25,1.00000,5.48233s
200,15,3,0.00000,0.95000,30,0.39508,24.60107s,30,0.66962,21.22710s,26,1.00000,5.56295s
200,15,3,0.00000,0.99000,35,0.40104,26.53492s,34,0.67223,21.50594s,26,1.00000,5.57960s
200,15,3,0.20000,0.90000,7,0.30124,7.79454s,22,0.59897,15.59392s,22,0.97673,5.20209s
200,15,3,0.20000,0.95000,14,0.33395,14.72945s,25,0.64148,21.36736s,35,0.98335,5.48005s
200,15,3,0.20000,0.99000,31,0.39427,26.00578s,29,0.65331,21.04473s,35,0.98839,5.53160s
200,15,3,0.50000,0.90000,5,0.28082,7.09436s,13,0.53821,11.49460s,18,0.94074,4.92319s
200,15,3,0.50000,0.95000,7,0.29837,8.73822s,25,0.59683,20.87081s,21,0.95338,5.23736s
200,15,3,0.50000,0.99000,26,0.39098,25.79664s,23,0.60716,21.07376s,35,0.92681,5.39649s
200,15,6,0.00000,0.90000,16,0.35700,28.88760s,26,0.65811,35.67470s,25,1.00000,13.15705s
200,15,6,0.00000,0.95000,30,0.39462,42.82629s,29,0.66272,35.97983s,26,1.00000,13.33244s
200,15,6,0.00000,0.99000,35,0.40104,44.19088s,35,0.67223,36.37568s,26,1.00000,13.50441s
200,15,6,0.20000,0.90000,8,0.31842,26.00942s,22,0.59828,32.30824s,34,0.98839,13.27279s
200,15,6,0.20000,0.95000,16,0.35719,39.39878s,25,0.64148,36.02094s,36,0.98838,13.19002s
200,15,6,0.20000,0.99000,31,0.39427,43.10262s,29,0.65302,35.64693s,30,0.98839,12.90596s
200,15,6,0.50000,0.90000,5,0.28082,24.93489s,13,0.53536,26.15908s,19,0.90055,12.85296s
200,15,6,0.50000,0.95000,8,0.31643,29.16347s,24,0.54296,35.89654s,24,0.97203,13.19789s
200,15,6,0.50000,0.99000,26,0.38594,43.35189s,26,0.60977,36.09723s,36,0.97203,13.31358s
200,15,9,0.00000,0.90000,16,0.35700,60.28764s,25,0.65808,61.43951s,25,1.00000,26.77817s
200,15,9,0.00000,0.95000,30,0.39466,73.17528s,30,0.66272,61.76489s,26,1.00000,27.07227s
200,15,9,0.00000,0.99000,35,0.40104,74.45093s,34,0.67223,62.18404s,26,1.00000,26.98143s
200,15,9,0.20000,0.90000,8,0.31842,56.41317s,22,0.59828,58.05955s,37,0.98839,26.75999s
200,15,9,0.20000,0.95000,16,0.35719,69.51690s,23,0.58678,61.73297s,36,0.98839,26.80623s
200,15,9,0.20000,0.99000,30,0.39440,73.65780s,28,0.65111,61.68133s,29,0.98839,26.87635s
200,15,9,0.50000,0.90000,5,0.28082,55.31935s,13,0.53536,52.26515s,19,0.90055,26.55114s
200,15,9,0.50000,0.95000,8,0.31643,59.38980s,24,0.55189,61.55471s,23,0.97201,26.67954s
200,15,9,0.50000,0.99000,28,0.38799,73.32920s,29,0.61159,61.90509s,42,0.97203,27.05003s
200,15,12,0.00000,0.90000,16,0.35700,105.79228s,27,0.65797,98.82479s,25,1.00000,46.87714s
200,15,12,0.00000,0.95000,30,0.39337,116.51744s,32,0.66962,99.44549s,26,1.00000,46.86259s
200,15,12,0.00000,0.99000,35,0.40104,117.58544s,34,0.67223,99.25352s,26,1.00000,46.73775s
200,15,12,0.20000,0.90000,8,0.31842,100.73764s,22,0.59828,96.25582s,36,0.98832,46.84752s
200,15,12,0.20000,0.95000,16,0.35719,113.39537s,20,0.58669,99.03498s,32,0.98838,46.15946s
200,15,12,0.20000,0.99000,31,0.39411,117.41000s,29,0.65331,99.04627s,29,0.98838,46.26319s
200,15,12,0.50000,0.90000,5,0.28082,99.19088s,12,0.53535,90.00887s,18,0.92529,45.91944s
200,15,12,0.50000,0.95000,8,0.31643,102.76537s,25,0.54362,99.25641s,23,0.97201,46.29577s
200,15,12,0.50000,0.99000,24,0.38657,116.86989s,29,0.61005,98.96269s,36,0.97203,46.63816s
200,15,15,0.00000,0.90000,16,0.35700,164.87905s,26,0.65796,147.33917s,25,1.00000,72.20421s
200,15,15,0.00000,0.95000,31,0.39629,172.10231s,31,0.67121,146.09248s,26,1.00000,71.29485s
200,15,15,0.00000,0.99000,35,0.40104,174.82873s,34,0.67223,147.27861s,26,1.00000,72.27207s
200,15,15,0.20000,0.90000,8,0.31842,155.15441s,22,0.59828,142.45473s,36,0.98839,70.99615s
200,15,15,0.20000,0.95000,16,0.35719,168.40975s,22,0.58667,147.34839s,38,0.98839,66.82991s
200,15,15,0.20000,0.99000,29,0.39373,173.90260s,29,0.65349,148.21668s,31,0.98838,72.40537s
200,15,15,0.50000,0.90000,5,0.28082,155.78467s,12,0.53535,138.74741s,18,0.92529,71.72580s
200,15,15,0.50000,0.95000,8,0.31643,160.37248s,25,0.54362,148.01359s,24,0.97203,71.94443s
200,15,15,0.50000,0.99000,28,0.38817,171.10095s,30,0.61170,147.51937s,36,0.97203,71.34710s
200,15,18,0.00000,0.90000,16,0.35700,234.83610s,27,0.65819,205.89600s,25,1.00000,103.07847s
200,15,18,0.00000,0.95000,29,0.39334,242.55617s,30,0.66962,207.48671s,26,1.00000,102.78246s
200,15,18,0.00000,0.99000,35,0.40104,241.42089s,34,0.67223,204.79745s,26,1.00000,102.02608s
200,15,18,0.20000,0.90000,8,0.31842,227.29334s,22,0.59828,203.32506s,35,0.98839,103.03061s
200,15,18,0.20000,0.95000,16,0.35719,240.12549s,20,0.64077,207.45190s,34,0.98839,103.88603s
200,15,18,0.20000,0.99000,30,0.39440,242.33855s,31,0.65349,206.74179s,30,0.98839,101.72731s
200,15,18,0.50000,0.90000,5,0.28082,224.66531s,12,0.53535,196.70999s,18,0.92529,101.22519s
200,15,18,0.50000,0.95000,8,0.31643,225.84879s,24,0.54309,202.07515s,24,0.97203,96.65217s
200,15,18,0.50000,0.99000,26,0.38718,242.10808s,30,0.61134,206.38831s,37,0.97203,102.40129s
200,20,3,0.00000,0.90000,15,0.33401,11.52334s,23,0.61593,28.00217s,25,1.00000,7.37069s
200,20,3,0.00000,0.95000,30,0.39455,33.90779s,31,0.66265,28.66010s,26,1.00000,7.43430s
200,20,3,0.00000,0.99000,35,0.40104,35.81405s,34,0.67223,28.85237s,26,1.00000,7.55462s
200,20,3,0.20000,0.90000,7,0.30124,10.56392s,22,0.59897,21.44181s,22,0.97673,7.14788s
200,20,3,0.20000,0.95000,14,0.33395,18.86440s,25,0.64148,28.63585s,35,0.98335,7.29142s
200,20,3,0.20000,0.99000,31,0.39427,36.35907s,29,0.65331,28.94491s,35,0.98839,7.15417s
200,20,3,0.50000,0.90000,5,0.28082,9.56055s,13,0.53821,15.74362s,18,0.94074,6.85072s
200,20,3,0.50000,0.95000,7,0.29837,12.23947s,25,0.59683,28.54262s,21,0.95338,7.22847s
200,20,3,0.50000,0.99000,26,0.39098,34.91455s,23,0.60716,28.41946s,34,0.92681,7.43733s
200,20,6,0.00000,0.90000,16,0.35700,39.53729s,26,0.65811,49.35207s,25,1.00000,18.37968s
200,20,6,0.00000,0.95000,30,0.39462,58.66463s,29,0.66272,49.12527s,26,1.00000,18.19864s
200,20,6,0.00000,0.99000,35,0.40104,59.51218s,34,0.67223,49.32906s,26,1.00000,17.92333s
200,20,6,0.20000,0.90000,8,0.31842,34.96455s,22,0.59828,44.54464s,34,0.98839,17.71191s
200,20,6,0.20000,0.95000,16,0.35719,54.34030s,25,0.64148,48.79794s,36,0.98838,17.89127s
200,20,6,0.20000,0.99000,31,0.39427,58.54171s,29,0.65302,48.32619s,30,0.98839,17.55741s
200,20,6,0.50000,0.90000,5,0.28082,33.73335s,13,0.53536,35.46403s,19,0.90055,17.61555s
200,20,6,0.50000,0.95000,8,0.31643,39.43184s,24,0.54296,48.60374s,24,0.97203,17.55239s
200,20,6,0.50000,0.99000,26,0.38594,58.86590s,26,0.60977,49.23394s,36,0.97203,18.17505s
200,20,9,0.00000,0.90000,16,0.35700,81.77755s,25,0.65808,83.56745s,25,1.00000,36.40786s
200,20,9,0.00000,0.95000,31,0.39629,99.13410s,30,0.66272,83.96709s,26,1.00000,36.52806s
200,20,9,0.00000,0.99000,35,0.40104,100.70518s,34,0.67223,83.86754s,26,1.00000,36.43428s
200,20,9,0.20000,0.90000,8,0.31842,77.17395s,22,0.59828,79.51123s,37,0.98839,36.54296s
200,20,9,0.20000,0.95000,16,0.35719,95.54805s,23,0.58678,84.40840s,36,0.98839,36.49980s
200,20,9,0.20000,0.99000,30,0.39440,100.14718s,28,0.65111,83.91276s,29,0.98839,36.38239s
200,20,9,0.50000,0.90000,5,0.28082,74.33403s,13,0.53536,70.56328s,19,0.90055,35.51304s
200,20,9,0.50000,0.95000,8,0.31643,81.30420s,24,0.55189,83.94743s,24,0.97201,36.67743s
200,20,9,0.50000,0.99000,28,0.38799,99.87734s,29,0.61159,84.17347s,42,0.97203,36.70301s
200,20,12,0.00000,0.90000,16,0.35700,143.42435s,27,0.65797,134.55700s,25,1.00000,63.40379s
200,20,12,0.00000,0.95000,31,0.39629,158.82249s,29,0.66272,134.98319s,26,1.00000,63.03260s
200,20,12,0.00000,0.99000,35,0.40104,157.67166s,35,0.67223,133.23554s,26,1.00000,62.18849s
200,20,12,0.20000,0.90000,8,0.31842,136.69391s,22,0.59828,130.17488s,36,0.98832,63.00716s
200,20,12,0.20000,0.95000,16,0.35719,154.14071s,20,0.58669,133.76600s,32,0.98838,62.57504s
200,20,12,0.20000,0.99000,31,0.39411,159.34786s,29,0.65331,134.05148s,29,0.98838,63.12753s
200,20,12,0.50000,0.90000,5,0.28082,134.15265s,12,0.53535,122.38478s,18,0.92529,62.17611s
200,20,12,0.50000,0.95000,8,0.31643,140.67423s,25,0.54362,133.96672s,24,0.97201,63.10565s
200,20,12,0.50000,0.99000,24,0.38657,158.84524s,29,0.61005,135.35553s,36,0.97203,62.56867s
200,20,15,0.00000,0.90000,16,0.35700,223.71091s,26,0.65796,198.63733s,25,1.00000,96.90239s
200,20,15,0.00000,0.95000,31,0.39466,232.80607s,31,0.66357,197.76847s,26,1.00000,96.75758s
200,20,15,0.00000,0.99000,35,0.40104,232.91525s,34,0.67223,197.37233s,26,1.00000,96.39682s
200,20,15,0.20000,0.90000,8,0.31842,214.29033s,22,0.59828,196.12630s,36,0.98839,97.31376s
200,20,15,0.20000,0.95000,16,0.35719,230.60866s,22,0.58667,199.86808s,38,0.98839,96.58355s
200,20,15,0.20000,0.99000,29,0.39373,232.27079s,30,0.65349,196.97663s,31,0.98838,94.90260s
200,20,15,0.50000,0.90000,5,0.28082,211.89191s,12,0.53535,187.14019s,18,0.92529,96.22658s
200,20,15,0.50000,0.95000,8,0.31643,210.97992s,25,0.54362,197.57296s,24,0.97203,96.14462s
200,20,15,0.50000,0.99000,28,0.38817,235.17745s,30,0.61170,200.17720s,36,0.97203,97.75625s
200,20,18,0.00000,0.90000,16,0.35700,323.69260s,27,0.65819,279.63159s,25,1.00000,140.21251s
200,20,18,0.00000,0.95000,31,0.39624,330.57485s,31,0.66357,280.98402s,26,1.00000,140.94379s
200,20,18,0.00000,0.99000,35,0.40104,329.06820s,34,0.67223,279.50041s,26,1.00000,139.84827s
200,20,18,0.20000,0.90000,8,0.31842,308.79760s,22,0.59828,275.46513s,35,0.98839,138.99436s
200,20,18,0.20000,0.95000,16,0.35719,325.08975s,20,0.64077,279.86676s,34,0.98839,139.79546s
200,20,18,0.20000,0.99000,30,0.39440,327.86197s,31,0.65349,278.97241s,30,0.98839,138.68892s
200,20,18,0.50000,0.90000,5,0.28082,305.71021s,12,0.53535,268.82176s,18,0.92529,137.51565s
200,20,18,0.50000,0.95000,8,0.31643,311.19556s,24,0.54309,280.84204s,24,0.97203,139.72274s
200,20,18,0.50000,0.99000,26,0.38718,328.01570s,30,0.61134,280.09613s,37,0.97203,138.28092s
